Unnamed: 0,a,ab,b,c,pentamer,N-Boc,N-H,halide
323.0,CC(C)(C)OC(=O)n1ccc2cc(B3OC(C)(C)C(C)(C)O3)ccc21,CC(C)(C)OC(=O)n1ccc2cc(-c3ncccc3[B-]34OC(=O)C[N+]3(C)CC(=O)O4)ccc21,C[N+]12CC(=O)O[B-]1(c1cccnc1Br)OC(=O)C2,C[Si](C)(c1ccccc1Br)c1ccccc1Br,C[Si](C)(c1ccccc1-c1cccnc1-c1ccc2c(ccn2-c2cnccn2)c1)c1ccccc1-c1cccnc1-c1ccc2c(ccn2-c2cnccn2)c1,CC(C)(C)OC(=O)n1ccc2cc(-c3ncccc3-c3ccccc3[Si](C)(C)c3ccccc3-c3cccnc3-c3ccc4c(ccn4C(=O)OC(C)(C)C)c3)ccc21,C[Si](C)(c1ccccc1-c1cccnc1-c1ccc2[nH]ccc2c1)c1ccccc1-c1cccnc1-c1ccc2[nH]ccc2c1,Brc1nccnc1
324.0,CC(C)(C)OC(=O)n1ccc2cc(B3OC(C)(C)C(C)(C)O3)ccc21,CC(C)(C)OC(=O)n1ccc2cc(-c3ncccc3[B-]34OC(=O)C[N+]3(C)CC(=O)O4)ccc21,C[N+]12CC(=O)O[B-]1(c1cccnc1Br)OC(=O)C2,Brc1ccc(Br)nc1,c1cnc(-c2ccc3c(ccn3-c3cnccn3)c2)c(-c2ccc(-c3cccnc3-c3ccc4c(ccn4-c4cnccn4)c3)nc2)c1,CC(C)(C)OC(=O)n1ccc2cc(-c3ncccc3-c3ccc(-c4cccnc4-c4ccc5c(ccn5C(=O)OC(C)(C)C)c4)nc3)ccc21,c1cnc(-c2ccc3[nH]ccc3c2)c(-c2ccc(-c3cccnc3-c3ccc4[nH]ccc4c3)nc2)c1,Brc1nccnc1
326.0,CC(C)(C)OC(=O)n1ccc2cc(B3OC(C)(C)C(C)(C)O3)ccc21,CC(C)(C)OC(=O)n1ccc2cc(-c3ncccc3[B-]34OC(=O)C[N+]3(C)CC(=O)O4)ccc21,C[N+]12CC(=O)O[B-]1(c1cccnc1Br)OC(=O)C2,Brc1cc(Br)c2ccccc2c1,c1cnc(-c2ccc3c(ccn3-c3cnccn3)c2)c(-c2cc(-c3cccnc3-c3ccc4c(ccn4-c4cnccn4)c3)c3ccccc3c2)c1,CC(C)(C)OC(=O)n1ccc2cc(-c3ncccc3-c3cc(-c4cccnc4-c4ccc5c(ccn5C(=O)OC(C)(C)C)c4)c4ccccc4c3)ccc21,c1cnc(-c2ccc3[nH]ccc3c2)c(-c2cc(-c3cccnc3-c3ccc4[nH]ccc4c3)c3ccccc3c2)c1,Brc1nccnc1
327.0,CC(C)(C)OC(=O)n1ccc2cc(B3OC(C)(C)C(C)(C)O3)ccc21,CC(C)(C)OC(=O)n1ccc2cc(-c3ncccc3[B-]34OC(=O)C[N+]3(C)CC(=O)O4)ccc21,C[N+]12CC(=O)O[B-]1(c1cccnc1Br)OC(=O)C2,Clc1cc(Br)sc1Br,Clc1cc(-c2cccnc2-c2ccc3c(ccn3-c3cnccn3)c2)sc1-c1cccnc1-c1ccc2c(ccn2-c2cnccn2)c1,CC(C)(C)OC(=O)n1ccc2cc(-c3ncccc3-c3cc(Cl)c(-c4cccnc4-c4ccc5c(ccn5C(=O)OC(C)(C)C)c4)s3)ccc21,Clc1cc(-c2cccnc2-c2ccc3[nH]ccc3c2)sc1-c1cccnc1-c1ccc2[nH]ccc2c1,Brc1nccnc1
328.0,CC(C)(C)OC(=O)n1ccc2cc(B3OC(C)(C)C(C)(C)O3)ccc21,CC(C)(C)OC(=O)n1ccc2cc(-c3ncccc3[B-]34OC(=O)C[N+]3(C)CC(=O)O4)ccc21,C[N+]12CC(=O)O[B-]1(c1cccnc1Br)OC(=O)C2,Cc1nc2c(Br)c3nsnc3c(Br)c2nc1C,Cc1nc2c(-c3cccnc3-c3ccc4c(ccn4-c4cnccn4)c3)c3nsnc3c(-c3cccnc3-c3ccc4c(ccn4-c4cnccn4)c3)c2nc1C,Cc1nc2c(-c3cccnc3-c3ccc4c(ccn4C(=O)OC(C)(C)C)c3)c3nsnc3c(-c3cccnc3-c3ccc4c(ccn4C(=O)OC(C)(C)C)c3)c2nc1C,Cc1nc2c(-c3cccnc3-c3ccc4[nH]ccc4c3)c3nsnc3c(-c3cccnc3-c3ccc4[nH]ccc4c3)c2nc1C,Brc1nccnc1
329.0,CC(C)(C)OC(=O)n1ccc2cc(B3OC(C)(C)C(C)(C)O3)ccc21,CC(C)(C)OC(=O)n1ccc2cc(-c3ncccc3[B-]34OC(=O)C[N+]3(C)CC(=O)O4)ccc21,C[N+]12CC(=O)O[B-]1(c1cccnc1Br)OC(=O)C2,Brc1ccccc1Oc1ccccc1Br,c1ccc(-c2cccnc2-c2ccc3c(ccn3-c3cnccn3)c2)c(Oc2ccccc2-c2cccnc2-c2ccc3c(ccn3-c3cnccn3)c2)c1,CC(C)(C)OC(=O)n1ccc2cc(-c3ncccc3-c3ccccc3Oc3ccccc3-c3cccnc3-c3ccc4c(ccn4C(=O)OC(C)(C)C)c3)ccc21,c1ccc(-c2cccnc2-c2ccc3[nH]ccc3c2)c(Oc2ccccc2-c2cccnc2-c2ccc3[nH]ccc3c2)c1,Brc1nccnc1
330.0,CC(C)(C)OC(=O)n1ccc2cc(B3OC(C)(C)C(C)(C)O3)ccc21,CC(C)(C)OC(=O)n1ccc2cc(-c3ncccc3[B-]34OC(=O)C[N+]3(C)CC(=O)O4)ccc21,C[N+]12CC(=O)O[B-]1(c1cccnc1Br)OC(=O)C2,CC(C)(C)c1ccc2c(Br)c3ccccc3c(Br)c2c1,CC(C)(C)c1ccc2c(-c3cccnc3-c3ccc4c(ccn4-c4cnccn4)c3)c3ccccc3c(-c3cccnc3-c3ccc4c(ccn4-c4cnccn4)c3)c2c1,CC(C)(C)OC(=O)n1ccc2cc(-c3ncccc3-c3c4ccccc4c(-c4cccnc4-c4ccc5c(ccn5C(=O)OC(C)(C)C)c4)c4cc(C(C)(C)C)ccc34)ccc21,CC(C)(C)c1ccc2c(-c3cccnc3-c3ccc4[nH]ccc4c3)c3ccccc3c(-c3cccnc3-c3ccc4[nH]ccc4c3)c2c1,Brc1nccnc1
331.0,CC(C)(C)OC(=O)n1ccc2cc(B3OC(C)(C)C(C)(C)O3)ccc21,CC(C)(C)OC(=O)n1ccc2cc(-c3ncccc3[B-]34OC(=O)C[N+]3(C)CC(=O)O4)ccc21,C[N+]12CC(=O)O[B-]1(c1cccnc1Br)OC(=O)C2,Fc1cc(Br)c(F)cc1Br,Fc1cc(-c2cccnc2-c2ccc3c(ccn3-c3cnccn3)c2)c(F)cc1-c1cccnc1-c1ccc2c(ccn2-c2cnccn2)c1,CC(C)(C)OC(=O)n1ccc2cc(-c3ncccc3-c3cc(F)c(-c4cccnc4-c4ccc5c(ccn5C(=O)OC(C)(C)C)c4)cc3F)ccc21,Fc1cc(-c2cccnc2-c2ccc3[nH]ccc3c2)c(F)cc1-c1cccnc1-c1ccc2[nH]ccc2c1,Brc1nccnc1
332.0,CC(C)(C)OC(=O)n1ccc2cc(B3OC(C)(C)C(C)(C)O3)ccc21,CC(C)(C)OC(=O)n1ccc2cc(-c3ncccc3[B-]34OC(=O)C[N+]3(C)CC(=O)O4)ccc21,C[N+]12CC(=O)O[B-]1(c1cccnc1Br)OC(=O)C2,Brc1ccc2oc(Br)cc2c1,c1cnc(-c2ccc3c(ccn3-c3cnccn3)c2)c(-c2ccc3oc(-c4cccnc4-c4ccc5c(ccn5-c5cnccn5)c4)cc3c2)c1,CC(C)(C)OC(=O)n1ccc2cc(-c3ncccc3-c3ccc4oc(-c5cccnc5-c5ccc6c(ccn6C(=O)OC(C)(C)C)c5)cc4c3)ccc21,c1cnc(-c2ccc3[nH]ccc3c2)c(-c2ccc3oc(-c4cccnc4-c4ccc5[nH]ccc5c4)cc3c2)c1,Brc1nccnc1
333.0,CC(C)(C)OC(=O)n1ccc2cc(B3OC(C)(C)C(C)(C)O3)ccc21,CC(C)(C)OC(=O)n1ccc2cc(-c3ncccc3[B-]34OC(=O)C[N+]3(C)CC(=O)O4)ccc21,C[N+]12CC(=O)O[B-]1(c1cccnc1Br)OC(=O)C2,Brc1ccc(Br)o1,c1cnc(-c2ccc3c(ccn3-c3cnccn3)c2)c(-c2ccc(-c3cccnc3-c3ccc4c(ccn4-c4cnccn4)c3)o2)c1,CC(C)(C)OC(=O)n1ccc2cc(-c3ncccc3-c3ccc(-c4cccnc4-c4ccc5c(ccn5C(=O)OC(C)(C)C)c4)o3)ccc21,c1cnc(-c2ccc3[nH]ccc3c2)c(-c2ccc(-c3cccnc3-c3ccc4[nH]ccc4c3)o2)c1,Brc1nccnc1
334.0,CC(C)(C)OC(=O)n1ccc2cc(B3OC(C)(C)C(C)(C)O3)ccc21,CC(C)(C)OC(=O)n1ccc2cc(-c3ncccc3[B-]34OC(=O)C[N+]3(C)CC(=O)O4)ccc21,C[N+]12CC(=O)O[B-]1(c1cccnc1Br)OC(=O)C2,Brc1ccc2c(c1)C1(c3ccccc3-c3ccccc31)c1cc(Br)ccc1-2,c1ccc2c(c1)-c1ccccc1C21c2cc(-c3cccnc3-c3ccc4c(ccn4-c4cnccn4)c3)ccc2-c2ccc(-c3cccnc3-c3ccc4c(ccn4-c4cnccn4)c3)cc21,CC(C)(C)OC(=O)n1ccc2cc(-c3ncccc3-c3ccc4c(c3)C3(c5ccccc5-c5ccccc53)c3cc(-c5cccnc5-c5ccc6c(ccn6C(=O)OC(C)(C)C)c5)ccc3-4)ccc21,c1ccc2c(c1)-c1ccccc1C21c2cc(-c3cccnc3-c3ccc4[nH]ccc4c3)ccc2-c2ccc(-c3cccnc3-c3ccc4[nH]ccc4c3)cc21,Brc1nccnc1
335.0,CC(C)(C)OC(=O)n1ccc2cc(B3OC(C)(C)C(C)(C)O3)ccc21,CC(C)(C)OC(=O)n1ccc2cc(-c3ncccc3[B-]34OC(=O)C[N+]3(C)CC(=O)O4)ccc21,C[N+]12CC(=O)O[B-]1(c1cccnc1Br)OC(=O)C2,Clc1cc(Cl)c(Br)cc1Br,Clc1cc(Cl)c(-c2cccnc2-c2ccc3c(ccn3-c3cnccn3)c2)cc1-c1cccnc1-c1ccc2c(ccn2-c2cnccn2)c1,CC(C)(C)OC(=O)n1ccc2cc(-c3ncccc3-c3cc(-c4cccnc4-c4ccc5c(ccn5C(=O)OC(C)(C)C)c4)c(Cl)cc3Cl)ccc21,Clc1cc(Cl)c(-c2cccnc2-c2ccc3[nH]ccc3c2)cc1-c1cccnc1-c1ccc2[nH]ccc2c1,Brc1nccnc1
336.0,CC(C)(C)OC(=O)n1ccc2cc(B3OC(C)(C)C(C)(C)O3)ccc21,CC(C)(C)OC(=O)n1ccc2cc(-c3ncccc3[B-]34OC(=O)C[N+]3(C)CC(=O)O4)ccc21,C[N+]12CC(=O)O[B-]1(c1cccnc1Br)OC(=O)C2,Brc1cnc2nc(Br)ccc2c1,c1cnc(-c2ccc3c(ccn3-c3cnccn3)c2)c(-c2cnc3nc(-c4cccnc4-c4ccc5c(ccn5-c5cnccn5)c4)ccc3c2)c1,CC(C)(C)OC(=O)n1ccc2cc(-c3ncccc3-c3cnc4nc(-c5cccnc5-c5ccc6c(ccn6C(=O)OC(C)(C)C)c5)ccc4c3)ccc21,c1cnc(-c2ccc3[nH]ccc3c2)c(-c2cnc3nc(-c4cccnc4-c4ccc5[nH]ccc5c4)ccc3c2)c1,Brc1nccnc1
337.0,CC(C)(C)OC(=O)n1ccc2cc(B3OC(C)(C)C(C)(C)O3)ccc21,CC(C)(C)OC(=O)n1ccc2cc(-c3ncccc3[B-]34OC(=O)C[N+]3(C)CC(=O)O4)ccc21,C[N+]12CC(=O)O[B-]1(c1cccnc1Br)OC(=O)C2,Brc1cccc2cccc(Br)c12,c1cnc(-c2ccc3c(ccn3-c3cnccn3)c2)c(-c2cccc3cccc(-c4cccnc4-c4ccc5c(ccn5-c5cnccn5)c4)c23)c1,CC(C)(C)OC(=O)n1ccc2cc(-c3ncccc3-c3cccc4cccc(-c5cccnc5-c5ccc6c(ccn6C(=O)OC(C)(C)C)c5)c34)ccc21,c1cnc(-c2ccc3[nH]ccc3c2)c(-c2cccc3cccc(-c4cccnc4-c4ccc5[nH]ccc5c4)c23)c1,Brc1nccnc1
338.0,CC(C)(C)OC(=O)n1ccc2cc(B3OC(C)(C)C(C)(C)O3)ccc21,CC(C)(C)OC(=O)n1ccc2cc(-c3ncccc3[B-]34OC(=O)C[N+]3(C)CC(=O)O4)ccc21,C[N+]12CC(=O)O[B-]1(c1cccnc1Br)OC(=O)C2,CCCCC(CC)CC1(CC(CC)CCCC)c2cc(I)ccc2-c2ccc(I)cc21,CCCCC(CC)CC1(CC(CC)CCCC)c2cc(-c3cccnc3-c3ccc4c(ccn4-c4cnccn4)c3)ccc2-c2ccc(-c3cccnc3-c3ccc4c(ccn4-c4cnccn4)c3)cc21,CCCCC(CC)CC1(CC(CC)CCCC)c2cc(-c3cccnc3-c3ccc4c(ccn4C(=O)OC(C)(C)C)c3)ccc2-c2ccc(-c3cccnc3-c3ccc4c(ccn4C(=O)OC(C)(C)C)c3)cc21,CCCCC(CC)CC1(CC(CC)CCCC)c2cc(-c3cccnc3-c3ccc4[nH]ccc4c3)ccc2-c2ccc(-c3cccnc3-c3ccc4[nH]ccc4c3)cc21,Brc1nccnc1
339.0,CC(C)(C)OC(=O)n1ccc2cc(B3OC(C)(C)C(C)(C)O3)ccc21,CC(C)(C)OC(=O)n1ccc2cc(-c3ncccc3[B-]34OC(=O)C[N+]3(C)CC(=O)O4)ccc21,C[N+]12CC(=O)O[B-]1(c1cccnc1Br)OC(=O)C2,Fc1c(F)c(Br)c2nsnc2c1Br,Fc1c(F)c(-c2cccnc2-c2ccc3c(ccn3-c3cnccn3)c2)c2nsnc2c1-c1cccnc1-c1ccc2c(ccn2-c2cnccn2)c1,CC(C)(C)OC(=O)n1ccc2cc(-c3ncccc3-c3c(F)c(F)c(-c4cccnc4-c4ccc5c(ccn5C(=O)OC(C)(C)C)c4)c4nsnc34)ccc21,Fc1c(F)c(-c2cccnc2-c2ccc3[nH]ccc3c2)c2nsnc2c1-c1cccnc1-c1ccc2[nH]ccc2c1,Brc1nccnc1
340.0,CC(C)(C)OC(=O)n1ccc2cc(B3OC(C)(C)C(C)(C)O3)ccc21,CC(C)(C)OC(=O)n1ccc2cc(-c3ncccc3[B-]34OC(=O)C[N+]3(C)CC(=O)O4)ccc21,C[N+]12CC(=O)O[B-]1(c1cccnc1Br)OC(=O)C2,C[Si](C)(c1ccc(Br)cc1)c1ccc(Br)cc1,C[Si](C)(c1ccc(-c2cccnc2-c2ccc3c(ccn3-c3cnccn3)c2)cc1)c1ccc(-c2cccnc2-c2ccc3c(ccn3-c3cnccn3)c2)cc1,CC(C)(C)OC(=O)n1ccc2cc(-c3ncccc3-c3ccc([Si](C)(C)c4ccc(-c5cccnc5-c5ccc6c(ccn6C(=O)OC(C)(C)C)c5)cc4)cc3)ccc21,C[Si](C)(c1ccc(-c2cccnc2-c2ccc3[nH]ccc3c2)cc1)c1ccc(-c2cccnc2-c2ccc3[nH]ccc3c2)cc1,Brc1nccnc1
341.0,CC(C)(C)OC(=O)n1ccc2cc(B3OC(C)(C)C(C)(C)O3)ccc21,CC(C)(C)OC(=O)n1ccc2cc(-c3ncccc3[B-]34OC(=O)C[N+]3(C)CC(=O)O4)ccc21,C[N+]12CC(=O)O[B-]1(c1cccnc1Br)OC(=O)C2,Brc1ccc2nc3ccc(Br)cc3nc2c1,c1cnc(-c2ccc3c(ccn3-c3cnccn3)c2)c(-c2ccc3nc4ccc(-c5cccnc5-c5ccc6c(ccn6-c6cnccn6)c5)cc4nc3c2)c1,CC(C)(C)OC(=O)n1ccc2cc(-c3ncccc3-c3ccc4nc5ccc(-c6cccnc6-c6ccc7c(ccn7C(=O)OC(C)(C)C)c6)cc5nc4c3)ccc21,c1cnc(-c2ccc3[nH]ccc3c2)c(-c2ccc3nc4ccc(-c5cccnc5-c5ccc6[nH]ccc6c5)cc4nc3c2)c1,Brc1nccnc1
380.0,CC(C)(C)OC(=O)n1ccc2cc(B3OC(C)(C)C(C)(C)O3)ccc21,CC(C)(C)OC(=O)n1ccc2cc(-c3ccc([B-]45OC(=O)C[N+]4(C)CC(=O)O5)cc3)ccc21,C[N+]12CC(=O)O[B-]1(c1ccc(Br)cc1)OC(=O)C2,C[Si](C)(c1ccccc1Br)c1ccccc1Br,C[Si](C)(c1ccccc1-c1ccc(-c2ccc3c(ccn3-c3cnccn3)c2)cc1)c1ccccc1-c1ccc(-c2ccc3c(ccn3-c3cnccn3)c2)cc1,CC(C)(C)OC(=O)n1ccc2cc(-c3ccc(-c4ccccc4[Si](C)(C)c4ccccc4-c4ccc(-c5ccc6c(ccn6C(=O)OC(C)(C)C)c5)cc4)cc3)ccc21,C[Si](C)(c1ccccc1-c1ccc(-c2ccc3[nH]ccc3c2)cc1)c1ccccc1-c1ccc(-c2ccc3[nH]ccc3c2)cc1,Brc1nccnc1
381.0,CC(C)(C)OC(=O)n1ccc2cc(B3OC(C)(C)C(C)(C)O3)ccc21,CC(C)(C)OC(=O)n1ccc2cc(-c3ccc([B-]45OC(=O)C[N+]4(C)CC(=O)O5)cc3)ccc21,C[N+]12CC(=O)O[B-]1(c1ccc(Br)cc1)OC(=O)C2,Brc1ccc(Br)nc1,c1cnc(-n2ccc3cc(-c4ccc(-c5ccc(-c6ccc(-c7ccc8c(ccn8-c8cnccn8)c7)cc6)nc5)cc4)ccc32)cn1,CC(C)(C)OC(=O)n1ccc2cc(-c3ccc(-c4ccc(-c5ccc(-c6ccc7c(ccn7C(=O)OC(C)(C)C)c6)cc5)nc4)cc3)ccc21,c1cc2cc(-c3ccc(-c4ccc(-c5ccc(-c6ccc7[nH]ccc7c6)cc5)nc4)cc3)ccc2[nH]1,Brc1nccnc1
383.0,CC(C)(C)OC(=O)n1ccc2cc(B3OC(C)(C)C(C)(C)O3)ccc21,CC(C)(C)OC(=O)n1ccc2cc(-c3ccc([B-]45OC(=O)C[N+]4(C)CC(=O)O5)cc3)ccc21,C[N+]12CC(=O)O[B-]1(c1ccc(Br)cc1)OC(=O)C2,Brc1cc(Br)c2ccccc2c1,c1ccc2c(-c3ccc(-c4ccc5c(ccn5-c5cnccn5)c4)cc3)cc(-c3ccc(-c4ccc5c(ccn5-c5cnccn5)c4)cc3)cc2c1,CC(C)(C)OC(=O)n1ccc2cc(-c3ccc(-c4cc(-c5ccc(-c6ccc7c(ccn7C(=O)OC(C)(C)C)c6)cc5)c5ccccc5c4)cc3)ccc21,c1ccc2c(-c3ccc(-c4ccc5[nH]ccc5c4)cc3)cc(-c3ccc(-c4ccc5[nH]ccc5c4)cc3)cc2c1,Brc1nccnc1
384.0,CC(C)(C)OC(=O)n1ccc2cc(B3OC(C)(C)C(C)(C)O3)ccc21,CC(C)(C)OC(=O)n1ccc2cc(-c3ccc([B-]45OC(=O)C[N+]4(C)CC(=O)O5)cc3)ccc21,C[N+]12CC(=O)O[B-]1(c1ccc(Br)cc1)OC(=O)C2,Clc1cc(Br)sc1Br,Clc1cc(-c2ccc(-c3ccc4c(ccn4-c4cnccn4)c3)cc2)sc1-c1ccc(-c2ccc3c(ccn3-c3cnccn3)c2)cc1,CC(C)(C)OC(=O)n1ccc2cc(-c3ccc(-c4cc(Cl)c(-c5ccc(-c6ccc7c(ccn7C(=O)OC(C)(C)C)c6)cc5)s4)cc3)ccc21,Clc1cc(-c2ccc(-c3ccc4[nH]ccc4c3)cc2)sc1-c1ccc(-c2ccc3[nH]ccc3c2)cc1,Brc1nccnc1
385.0,CC(C)(C)OC(=O)n1ccc2cc(B3OC(C)(C)C(C)(C)O3)ccc21,CC(C)(C)OC(=O)n1ccc2cc(-c3ccc([B-]45OC(=O)C[N+]4(C)CC(=O)O5)cc3)ccc21,C[N+]12CC(=O)O[B-]1(c1ccc(Br)cc1)OC(=O)C2,Cc1nc2c(Br)c3nsnc3c(Br)c2nc1C,Cc1nc2c(-c3ccc(-c4ccc5c(ccn5-c5cnccn5)c4)cc3)c3nsnc3c(-c3ccc(-c4ccc5c(ccn5-c5cnccn5)c4)cc3)c2nc1C,Cc1nc2c(-c3ccc(-c4ccc5c(ccn5C(=O)OC(C)(C)C)c4)cc3)c3nsnc3c(-c3ccc(-c4ccc5c(ccn5C(=O)OC(C)(C)C)c4)cc3)c2nc1C,Cc1nc2c(-c3ccc(-c4ccc5[nH]ccc5c4)cc3)c3nsnc3c(-c3ccc(-c4ccc5[nH]ccc5c4)cc3)c2nc1C,Brc1nccnc1
386.0,CC(C)(C)OC(=O)n1ccc2cc(B3OC(C)(C)C(C)(C)O3)ccc21,CC(C)(C)OC(=O)n1ccc2cc(-c3ccc([B-]45OC(=O)C[N+]4(C)CC(=O)O5)cc3)ccc21,C[N+]12CC(=O)O[B-]1(c1ccc(Br)cc1)OC(=O)C2,Brc1ccccc1Oc1ccccc1Br,c1ccc(-c2ccc(-c3ccc4c(ccn4-c4cnccn4)c3)cc2)c(Oc2ccccc2-c2ccc(-c3ccc4c(ccn4-c4cnccn4)c3)cc2)c1,CC(C)(C)OC(=O)n1ccc2cc(-c3ccc(-c4ccccc4Oc4ccccc4-c4ccc(-c5ccc6c(ccn6C(=O)OC(C)(C)C)c5)cc4)cc3)ccc21,c1ccc(-c2ccc(-c3ccc4[nH]ccc4c3)cc2)c(Oc2ccccc2-c2ccc(-c3ccc4[nH]ccc4c3)cc2)c1,Brc1nccnc1
387.0,CC(C)(C)OC(=O)n1ccc2cc(B3OC(C)(C)C(C)(C)O3)ccc21,CC(C)(C)OC(=O)n1ccc2cc(-c3ccc([B-]45OC(=O)C[N+]4(C)CC(=O)O5)cc3)ccc21,C[N+]12CC(=O)O[B-]1(c1ccc(Br)cc1)OC(=O)C2,CC(C)(C)c1ccc2c(Br)c3ccccc3c(Br)c2c1,CC(C)(C)c1ccc2c(-c3ccc(-c4ccc5c(ccn5-c5cnccn5)c4)cc3)c3ccccc3c(-c3ccc(-c4ccc5c(ccn5-c5cnccn5)c4)cc3)c2c1,CC(C)(C)OC(=O)n1ccc2cc(-c3ccc(-c4c5ccccc5c(-c5ccc(-c6ccc7c(ccn7C(=O)OC(C)(C)C)c6)cc5)c5cc(C(C)(C)C)ccc45)cc3)ccc21,CC(C)(C)c1ccc2c(-c3ccc(-c4ccc5[nH]ccc5c4)cc3)c3ccccc3c(-c3ccc(-c4ccc5[nH]ccc5c4)cc3)c2c1,Brc1nccnc1
388.0,CC(C)(C)OC(=O)n1ccc2cc(B3OC(C)(C)C(C)(C)O3)ccc21,CC(C)(C)OC(=O)n1ccc2cc(-c3ccc([B-]45OC(=O)C[N+]4(C)CC(=O)O5)cc3)ccc21,C[N+]12CC(=O)O[B-]1(c1ccc(Br)cc1)OC(=O)C2,Fc1cc(Br)c(F)cc1Br,Fc1cc(-c2ccc(-c3ccc4c(ccn4-c4cnccn4)c3)cc2)c(F)cc1-c1ccc(-c2ccc3c(ccn3-c3cnccn3)c2)cc1,CC(C)(C)OC(=O)n1ccc2cc(-c3ccc(-c4cc(F)c(-c5ccc(-c6ccc7c(ccn7C(=O)OC(C)(C)C)c6)cc5)cc4F)cc3)ccc21,Fc1cc(-c2ccc(-c3ccc4[nH]ccc4c3)cc2)c(F)cc1-c1ccc(-c2ccc3[nH]ccc3c2)cc1,Brc1nccnc1
389.0,CC(C)(C)OC(=O)n1ccc2cc(B3OC(C)(C)C(C)(C)O3)ccc21,CC(C)(C)OC(=O)n1ccc2cc(-c3ccc([B-]45OC(=O)C[N+]4(C)CC(=O)O5)cc3)ccc21,C[N+]12CC(=O)O[B-]1(c1ccc(Br)cc1)OC(=O)C2,Brc1ccc2oc(Br)cc2c1,c1cnc(-n2ccc3cc(-c4ccc(-c5ccc6oc(-c7ccc(-c8ccc9c(ccn9-c9cnccn9)c8)cc7)cc6c5)cc4)ccc32)cn1,CC(C)(C)OC(=O)n1ccc2cc(-c3ccc(-c4ccc5oc(-c6ccc(-c7ccc8c(ccn8C(=O)OC(C)(C)C)c7)cc6)cc5c4)cc3)ccc21,c1cc2cc(-c3ccc(-c4ccc5oc(-c6ccc(-c7ccc8[nH]ccc8c7)cc6)cc5c4)cc3)ccc2[nH]1,Brc1nccnc1
390.0,CC(C)(C)OC(=O)n1ccc2cc(B3OC(C)(C)C(C)(C)O3)ccc21,CC(C)(C)OC(=O)n1ccc2cc(-c3ccc([B-]45OC(=O)C[N+]4(C)CC(=O)O5)cc3)ccc21,C[N+]12CC(=O)O[B-]1(c1ccc(Br)cc1)OC(=O)C2,Brc1ccc(Br)o1,c1cnc(-n2ccc3cc(-c4ccc(-c5ccc(-c6ccc(-c7ccc8c(ccn8-c8cnccn8)c7)cc6)o5)cc4)ccc32)cn1,CC(C)(C)OC(=O)n1ccc2cc(-c3ccc(-c4ccc(-c5ccc(-c6ccc7c(ccn7C(=O)OC(C)(C)C)c6)cc5)o4)cc3)ccc21,c1cc2cc(-c3ccc(-c4ccc(-c5ccc(-c6ccc7[nH]ccc7c6)cc5)o4)cc3)ccc2[nH]1,Brc1nccnc1
391.0,CC(C)(C)OC(=O)n1ccc2cc(B3OC(C)(C)C(C)(C)O3)ccc21,CC(C)(C)OC(=O)n1ccc2cc(-c3ccc([B-]45OC(=O)C[N+]4(C)CC(=O)O5)cc3)ccc21,C[N+]12CC(=O)O[B-]1(c1ccc(Br)cc1)OC(=O)C2,Brc1ccc2c(c1)C1(c3ccccc3-c3ccccc31)c1cc(Br)ccc1-2,c1ccc2c(c1)-c1ccccc1C21c2cc(-c3ccc(-c4ccc5c(ccn5-c5cnccn5)c4)cc3)ccc2-c2ccc(-c3ccc(-c4ccc5c(ccn5-c5cnccn5)c4)cc3)cc21,CC(C)(C)OC(=O)n1ccc2cc(-c3ccc(-c4ccc5c(c4)C4(c6ccccc6-c6ccccc64)c4cc(-c6ccc(-c7ccc8c(ccn8C(=O)OC(C)(C)C)c7)cc6)ccc4-5)cc3)ccc21,c1ccc2c(c1)-c1ccccc1C21c2cc(-c3ccc(-c4ccc5[nH]ccc5c4)cc3)ccc2-c2ccc(-c3ccc(-c4ccc5[nH]ccc5c4)cc3)cc21,Brc1nccnc1
392.0,CC(C)(C)OC(=O)n1ccc2cc(B3OC(C)(C)C(C)(C)O3)ccc21,CC(C)(C)OC(=O)n1ccc2cc(-c3ccc([B-]45OC(=O)C[N+]4(C)CC(=O)O5)cc3)ccc21,C[N+]12CC(=O)O[B-]1(c1ccc(Br)cc1)OC(=O)C2,Clc1cc(Cl)c(Br)cc1Br,Clc1cc(Cl)c(-c2ccc(-c3ccc4c(ccn4-c4cnccn4)c3)cc2)cc1-c1ccc(-c2ccc3c(ccn3-c3cnccn3)c2)cc1,CC(C)(C)OC(=O)n1ccc2cc(-c3ccc(-c4cc(-c5ccc(-c6ccc7c(ccn7C(=O)OC(C)(C)C)c6)cc5)c(Cl)cc4Cl)cc3)ccc21,Clc1cc(Cl)c(-c2ccc(-c3ccc4[nH]ccc4c3)cc2)cc1-c1ccc(-c2ccc3[nH]ccc3c2)cc1,Brc1nccnc1
393.0,CC(C)(C)OC(=O)n1ccc2cc(B3OC(C)(C)C(C)(C)O3)ccc21,CC(C)(C)OC(=O)n1ccc2cc(-c3ccc([B-]45OC(=O)C[N+]4(C)CC(=O)O5)cc3)ccc21,C[N+]12CC(=O)O[B-]1(c1ccc(Br)cc1)OC(=O)C2,Brc1cnc2nc(Br)ccc2c1,c1cnc(-n2ccc3cc(-c4ccc(-c5cnc6nc(-c7ccc(-c8ccc9c(ccn9-c9cnccn9)c8)cc7)ccc6c5)cc4)ccc32)cn1,CC(C)(C)OC(=O)n1ccc2cc(-c3ccc(-c4cnc5nc(-c6ccc(-c7ccc8c(ccn8C(=O)OC(C)(C)C)c7)cc6)ccc5c4)cc3)ccc21,c1cc2cc(-c3ccc(-c4cnc5nc(-c6ccc(-c7ccc8[nH]ccc8c7)cc6)ccc5c4)cc3)ccc2[nH]1,Brc1nccnc1
394.0,CC(C)(C)OC(=O)n1ccc2cc(B3OC(C)(C)C(C)(C)O3)ccc21,CC(C)(C)OC(=O)n1ccc2cc(-c3ccc([B-]45OC(=O)C[N+]4(C)CC(=O)O5)cc3)ccc21,C[N+]12CC(=O)O[B-]1(c1ccc(Br)cc1)OC(=O)C2,Brc1cccc2cccc(Br)c12,c1cc(-c2ccc(-c3ccc4c(ccn4-c4cnccn4)c3)cc2)c2c(-c3ccc(-c4ccc5c(ccn5-c5cnccn5)c4)cc3)cccc2c1,CC(C)(C)OC(=O)n1ccc2cc(-c3ccc(-c4cccc5cccc(-c6ccc(-c7ccc8c(ccn8C(=O)OC(C)(C)C)c7)cc6)c45)cc3)ccc21,c1cc(-c2ccc(-c3ccc4[nH]ccc4c3)cc2)c2c(-c3ccc(-c4ccc5[nH]ccc5c4)cc3)cccc2c1,Brc1nccnc1
395.0,CC(C)(C)OC(=O)n1ccc2cc(B3OC(C)(C)C(C)(C)O3)ccc21,CC(C)(C)OC(=O)n1ccc2cc(-c3ccc([B-]45OC(=O)C[N+]4(C)CC(=O)O5)cc3)ccc21,C[N+]12CC(=O)O[B-]1(c1ccc(Br)cc1)OC(=O)C2,CCCCC(CC)CC1(CC(CC)CCCC)c2cc(I)ccc2-c2ccc(I)cc21,CCCCC(CC)CC1(CC(CC)CCCC)c2cc(-c3ccc(-c4ccc5c(ccn5-c5cnccn5)c4)cc3)ccc2-c2ccc(-c3ccc(-c4ccc5c(ccn5-c5cnccn5)c4)cc3)cc21,CCCCC(CC)CC1(CC(CC)CCCC)c2cc(-c3ccc(-c4ccc5c(ccn5C(=O)OC(C)(C)C)c4)cc3)ccc2-c2ccc(-c3ccc(-c4ccc5c(ccn5C(=O)OC(C)(C)C)c4)cc3)cc21,CCCCC(CC)CC1(CC(CC)CCCC)c2cc(-c3ccc(-c4ccc5[nH]ccc5c4)cc3)ccc2-c2ccc(-c3ccc(-c4ccc5[nH]ccc5c4)cc3)cc21,Brc1nccnc1
396.0,CC(C)(C)OC(=O)n1ccc2cc(B3OC(C)(C)C(C)(C)O3)ccc21,CC(C)(C)OC(=O)n1ccc2cc(-c3ccc([B-]45OC(=O)C[N+]4(C)CC(=O)O5)cc3)ccc21,C[N+]12CC(=O)O[B-]1(c1ccc(Br)cc1)OC(=O)C2,Fc1c(F)c(Br)c2nsnc2c1Br,Fc1c(F)c(-c2ccc(-c3ccc4c(ccn4-c4cnccn4)c3)cc2)c2nsnc2c1-c1ccc(-c2ccc3c(ccn3-c3cnccn3)c2)cc1,CC(C)(C)OC(=O)n1ccc2cc(-c3ccc(-c4c(F)c(F)c(-c5ccc(-c6ccc7c(ccn7C(=O)OC(C)(C)C)c6)cc5)c5nsnc45)cc3)ccc21,Fc1c(F)c(-c2ccc(-c3ccc4[nH]ccc4c3)cc2)c2nsnc2c1-c1ccc(-c2ccc3[nH]ccc3c2)cc1,Brc1nccnc1
397.0,CC(C)(C)OC(=O)n1ccc2cc(B3OC(C)(C)C(C)(C)O3)ccc21,CC(C)(C)OC(=O)n1ccc2cc(-c3ccc([B-]45OC(=O)C[N+]4(C)CC(=O)O5)cc3)ccc21,C[N+]12CC(=O)O[B-]1(c1ccc(Br)cc1)OC(=O)C2,C[Si](C)(c1ccc(Br)cc1)c1ccc(Br)cc1,C[Si](C)(c1ccc(-c2ccc(-c3ccc4c(ccn4-c4cnccn4)c3)cc2)cc1)c1ccc(-c2ccc(-c3ccc4c(ccn4-c4cnccn4)c3)cc2)cc1,CC(C)(C)OC(=O)n1ccc2cc(-c3ccc(-c4ccc([Si](C)(C)c5ccc(-c6ccc(-c7ccc8c(ccn8C(=O)OC(C)(C)C)c7)cc6)cc5)cc4)cc3)ccc21,C[Si](C)(c1ccc(-c2ccc(-c3ccc4[nH]ccc4c3)cc2)cc1)c1ccc(-c2ccc(-c3ccc4[nH]ccc4c3)cc2)cc1,Brc1nccnc1
398.0,CC(C)(C)OC(=O)n1ccc2cc(B3OC(C)(C)C(C)(C)O3)ccc21,CC(C)(C)OC(=O)n1ccc2cc(-c3ccc([B-]45OC(=O)C[N+]4(C)CC(=O)O5)cc3)ccc21,C[N+]12CC(=O)O[B-]1(c1ccc(Br)cc1)OC(=O)C2,Brc1ccc2nc3ccc(Br)cc3nc2c1,c1cnc(-n2ccc3cc(-c4ccc(-c5ccc6nc7ccc(-c8ccc(-c9ccc%10c(ccn%10-c%10cnccn%10)c9)cc8)cc7nc6c5)cc4)ccc32)cn1,CC(C)(C)OC(=O)n1ccc2cc(-c3ccc(-c4ccc5nc6ccc(-c7ccc(-c8ccc9c(ccn9C(=O)OC(C)(C)C)c8)cc7)cc6nc5c4)cc3)ccc21,c1cc2cc(-c3ccc(-c4ccc5nc6ccc(-c7ccc(-c8ccc9[nH]ccc9c8)cc7)cc6nc5c4)cc3)ccc2[nH]1,Brc1nccnc1
456.0,CC(C)(C)OC(=O)n1ccc2cc(B3OC(C)(C)C(C)(C)O3)ccc21,CC(C)(C)OC(=O)n1ccc2cc(-c3cccc(F)c3[B-]34OC(=O)C[N+]3(C)CC(=O)O4)ccc21,C[N+]12CC(=O)O[B-]1(c1c(F)cccc1Br)OC(=O)C2,C[Si](C)(c1ccccc1Br)c1ccccc1Br,C[Si](C)(c1ccccc1-c1c(F)cccc1-c1ccc2c(ccn2-c2cnccn2)c1)c1ccccc1-c1c(F)cccc1-c1ccc2c(ccn2-c2cnccn2)c1,CC(C)(C)OC(=O)n1ccc2cc(-c3cccc(F)c3-c3ccccc3[Si](C)(C)c3ccccc3-c3c(F)cccc3-c3ccc4c(ccn4C(=O)OC(C)(C)C)c3)ccc21,C[Si](C)(c1ccccc1-c1c(F)cccc1-c1ccc2[nH]ccc2c1)c1ccccc1-c1c(F)cccc1-c1ccc2[nH]ccc2c1,Brc1nccnc1
457.0,CC(C)(C)OC(=O)n1ccc2cc(B3OC(C)(C)C(C)(C)O3)ccc21,CC(C)(C)OC(=O)n1ccc2cc(-c3cccc(F)c3[B-]34OC(=O)C[N+]3(C)CC(=O)O4)ccc21,C[N+]12CC(=O)O[B-]1(c1c(F)cccc1Br)OC(=O)C2,Brc1ccc(Br)nc1,Fc1cccc(-c2ccc3c(ccn3-c3cnccn3)c2)c1-c1ccc(-c2c(F)cccc2-c2ccc3c(ccn3-c3cnccn3)c2)nc1,CC(C)(C)OC(=O)n1ccc2cc(-c3cccc(F)c3-c3ccc(-c4c(F)cccc4-c4ccc5c(ccn5C(=O)OC(C)(C)C)c4)nc3)ccc21,Fc1cccc(-c2ccc3[nH]ccc3c2)c1-c1ccc(-c2c(F)cccc2-c2ccc3[nH]ccc3c2)nc1,Brc1nccnc1
459.0,CC(C)(C)OC(=O)n1ccc2cc(B3OC(C)(C)C(C)(C)O3)ccc21,CC(C)(C)OC(=O)n1ccc2cc(-c3cccc(F)c3[B-]34OC(=O)C[N+]3(C)CC(=O)O4)ccc21,C[N+]12CC(=O)O[B-]1(c1c(F)cccc1Br)OC(=O)C2,Brc1cc(Br)c2ccccc2c1,Fc1cccc(-c2ccc3c(ccn3-c3cnccn3)c2)c1-c1cc(-c2c(F)cccc2-c2ccc3c(ccn3-c3cnccn3)c2)c2ccccc2c1,CC(C)(C)OC(=O)n1ccc2cc(-c3cccc(F)c3-c3cc(-c4c(F)cccc4-c4ccc5c(ccn5C(=O)OC(C)(C)C)c4)c4ccccc4c3)ccc21,Fc1cccc(-c2ccc3[nH]ccc3c2)c1-c1cc(-c2c(F)cccc2-c2ccc3[nH]ccc3c2)c2ccccc2c1,Brc1nccnc1
460.0,CC(C)(C)OC(=O)n1ccc2cc(B3OC(C)(C)C(C)(C)O3)ccc21,CC(C)(C)OC(=O)n1ccc2cc(-c3cccc(F)c3[B-]34OC(=O)C[N+]3(C)CC(=O)O4)ccc21,C[N+]12CC(=O)O[B-]1(c1c(F)cccc1Br)OC(=O)C2,Clc1cc(Br)sc1Br,Fc1cccc(-c2ccc3c(ccn3-c3cnccn3)c2)c1-c1cc(Cl)c(-c2c(F)cccc2-c2ccc3c(ccn3-c3cnccn3)c2)s1,CC(C)(C)OC(=O)n1ccc2cc(-c3cccc(F)c3-c3cc(Cl)c(-c4c(F)cccc4-c4ccc5c(ccn5C(=O)OC(C)(C)C)c4)s3)ccc21,Fc1cccc(-c2ccc3[nH]ccc3c2)c1-c1cc(Cl)c(-c2c(F)cccc2-c2ccc3[nH]ccc3c2)s1,Brc1nccnc1
461.0,CC(C)(C)OC(=O)n1ccc2cc(B3OC(C)(C)C(C)(C)O3)ccc21,CC(C)(C)OC(=O)n1ccc2cc(-c3cccc(F)c3[B-]34OC(=O)C[N+]3(C)CC(=O)O4)ccc21,C[N+]12CC(=O)O[B-]1(c1c(F)cccc1Br)OC(=O)C2,Cc1nc2c(Br)c3nsnc3c(Br)c2nc1C,Cc1nc2c(-c3c(F)cccc3-c3ccc4c(ccn4-c4cnccn4)c3)c3nsnc3c(-c3c(F)cccc3-c3ccc4c(ccn4-c4cnccn4)c3)c2nc1C,Cc1nc2c(-c3c(F)cccc3-c3ccc4c(ccn4C(=O)OC(C)(C)C)c3)c3nsnc3c(-c3c(F)cccc3-c3ccc4c(ccn4C(=O)OC(C)(C)C)c3)c2nc1C,Cc1nc2c(-c3c(F)cccc3-c3ccc4[nH]ccc4c3)c3nsnc3c(-c3c(F)cccc3-c3ccc4[nH]ccc4c3)c2nc1C,Brc1nccnc1
462.0,CC(C)(C)OC(=O)n1ccc2cc(B3OC(C)(C)C(C)(C)O3)ccc21,CC(C)(C)OC(=O)n1ccc2cc(-c3cccc(F)c3[B-]34OC(=O)C[N+]3(C)CC(=O)O4)ccc21,C[N+]12CC(=O)O[B-]1(c1c(F)cccc1Br)OC(=O)C2,Brc1ccccc1Oc1ccccc1Br,Fc1cccc(-c2ccc3c(ccn3-c3cnccn3)c2)c1-c1ccccc1Oc1ccccc1-c1c(F)cccc1-c1ccc2c(ccn2-c2cnccn2)c1,CC(C)(C)OC(=O)n1ccc2cc(-c3cccc(F)c3-c3ccccc3Oc3ccccc3-c3c(F)cccc3-c3ccc4c(ccn4C(=O)OC(C)(C)C)c3)ccc21,Fc1cccc(-c2ccc3[nH]ccc3c2)c1-c1ccccc1Oc1ccccc1-c1c(F)cccc1-c1ccc2[nH]ccc2c1,Brc1nccnc1
463.0,CC(C)(C)OC(=O)n1ccc2cc(B3OC(C)(C)C(C)(C)O3)ccc21,CC(C)(C)OC(=O)n1ccc2cc(-c3cccc(F)c3[B-]34OC(=O)C[N+]3(C)CC(=O)O4)ccc21,C[N+]12CC(=O)O[B-]1(c1c(F)cccc1Br)OC(=O)C2,CC(C)(C)c1ccc2c(Br)c3ccccc3c(Br)c2c1,CC(C)(C)c1ccc2c(-c3c(F)cccc3-c3ccc4c(ccn4-c4cnccn4)c3)c3ccccc3c(-c3c(F)cccc3-c3ccc4c(ccn4-c4cnccn4)c3)c2c1,CC(C)(C)OC(=O)n1ccc2cc(-c3cccc(F)c3-c3c4ccccc4c(-c4c(F)cccc4-c4ccc5c(ccn5C(=O)OC(C)(C)C)c4)c4cc(C(C)(C)C)ccc34)ccc21,CC(C)(C)c1ccc2c(-c3c(F)cccc3-c3ccc4[nH]ccc4c3)c3ccccc3c(-c3c(F)cccc3-c3ccc4[nH]ccc4c3)c2c1,Brc1nccnc1
464.0,CC(C)(C)OC(=O)n1ccc2cc(B3OC(C)(C)C(C)(C)O3)ccc21,CC(C)(C)OC(=O)n1ccc2cc(-c3cccc(F)c3[B-]34OC(=O)C[N+]3(C)CC(=O)O4)ccc21,C[N+]12CC(=O)O[B-]1(c1c(F)cccc1Br)OC(=O)C2,Fc1cc(Br)c(F)cc1Br,Fc1cc(-c2c(F)cccc2-c2ccc3c(ccn3-c3cnccn3)c2)c(F)cc1-c1c(F)cccc1-c1ccc2c(ccn2-c2cnccn2)c1,CC(C)(C)OC(=O)n1ccc2cc(-c3cccc(F)c3-c3cc(F)c(-c4c(F)cccc4-c4ccc5c(ccn5C(=O)OC(C)(C)C)c4)cc3F)ccc21,Fc1cc(-c2c(F)cccc2-c2ccc3[nH]ccc3c2)c(F)cc1-c1c(F)cccc1-c1ccc2[nH]ccc2c1,Brc1nccnc1
465.0,CC(C)(C)OC(=O)n1ccc2cc(B3OC(C)(C)C(C)(C)O3)ccc21,CC(C)(C)OC(=O)n1ccc2cc(-c3cccc(F)c3[B-]34OC(=O)C[N+]3(C)CC(=O)O4)ccc21,C[N+]12CC(=O)O[B-]1(c1c(F)cccc1Br)OC(=O)C2,Brc1ccc2oc(Br)cc2c1,Fc1cccc(-c2ccc3c(ccn3-c3cnccn3)c2)c1-c1ccc2oc(-c3c(F)cccc3-c3ccc4c(ccn4-c4cnccn4)c3)cc2c1,CC(C)(C)OC(=O)n1ccc2cc(-c3cccc(F)c3-c3ccc4oc(-c5c(F)cccc5-c5ccc6c(ccn6C(=O)OC(C)(C)C)c5)cc4c3)ccc21,Fc1cccc(-c2ccc3[nH]ccc3c2)c1-c1ccc2oc(-c3c(F)cccc3-c3ccc4[nH]ccc4c3)cc2c1,Brc1nccnc1
466.0,CC(C)(C)OC(=O)n1ccc2cc(B3OC(C)(C)C(C)(C)O3)ccc21,CC(C)(C)OC(=O)n1ccc2cc(-c3cccc(F)c3[B-]34OC(=O)C[N+]3(C)CC(=O)O4)ccc21,C[N+]12CC(=O)O[B-]1(c1c(F)cccc1Br)OC(=O)C2,Brc1ccc(Br)o1,Fc1cccc(-c2ccc3c(ccn3-c3cnccn3)c2)c1-c1ccc(-c2c(F)cccc2-c2ccc3c(ccn3-c3cnccn3)c2)o1,CC(C)(C)OC(=O)n1ccc2cc(-c3cccc(F)c3-c3ccc(-c4c(F)cccc4-c4ccc5c(ccn5C(=O)OC(C)(C)C)c4)o3)ccc21,Fc1cccc(-c2ccc3[nH]ccc3c2)c1-c1ccc(-c2c(F)cccc2-c2ccc3[nH]ccc3c2)o1,Brc1nccnc1
467.0,CC(C)(C)OC(=O)n1ccc2cc(B3OC(C)(C)C(C)(C)O3)ccc21,CC(C)(C)OC(=O)n1ccc2cc(-c3cccc(F)c3[B-]34OC(=O)C[N+]3(C)CC(=O)O4)ccc21,C[N+]12CC(=O)O[B-]1(c1c(F)cccc1Br)OC(=O)C2,Brc1ccc2c(c1)C1(c3ccccc3-c3ccccc31)c1cc(Br)ccc1-2,Fc1cccc(-c2ccc3c(ccn3-c3cnccn3)c2)c1-c1ccc2c(c1)C1(c3ccccc3-c3ccccc31)c1cc(-c3c(F)cccc3-c3ccc4c(ccn4-c4cnccn4)c3)ccc1-2,CC(C)(C)OC(=O)n1ccc2cc(-c3cccc(F)c3-c3ccc4c(c3)C3(c5ccccc5-c5ccccc53)c3cc(-c5c(F)cccc5-c5ccc6c(ccn6C(=O)OC(C)(C)C)c5)ccc3-4)ccc21,Fc1cccc(-c2ccc3[nH]ccc3c2)c1-c1ccc2c(c1)C1(c3ccccc3-c3ccccc31)c1cc(-c3c(F)cccc3-c3ccc4[nH]ccc4c3)ccc1-2,Brc1nccnc1
468.0,CC(C)(C)OC(=O)n1ccc2cc(B3OC(C)(C)C(C)(C)O3)ccc21,CC(C)(C)OC(=O)n1ccc2cc(-c3cccc(F)c3[B-]34OC(=O)C[N+]3(C)CC(=O)O4)ccc21,C[N+]12CC(=O)O[B-]1(c1c(F)cccc1Br)OC(=O)C2,Clc1cc(Cl)c(Br)cc1Br,Fc1cccc(-c2ccc3c(ccn3-c3cnccn3)c2)c1-c1cc(-c2c(F)cccc2-c2ccc3c(ccn3-c3cnccn3)c2)c(Cl)cc1Cl,CC(C)(C)OC(=O)n1ccc2cc(-c3cccc(F)c3-c3cc(-c4c(F)cccc4-c4ccc5c(ccn5C(=O)OC(C)(C)C)c4)c(Cl)cc3Cl)ccc21,Fc1cccc(-c2ccc3[nH]ccc3c2)c1-c1cc(-c2c(F)cccc2-c2ccc3[nH]ccc3c2)c(Cl)cc1Cl,Brc1nccnc1
469.0,CC(C)(C)OC(=O)n1ccc2cc(B3OC(C)(C)C(C)(C)O3)ccc21,CC(C)(C)OC(=O)n1ccc2cc(-c3cccc(F)c3[B-]34OC(=O)C[N+]3(C)CC(=O)O4)ccc21,C[N+]12CC(=O)O[B-]1(c1c(F)cccc1Br)OC(=O)C2,Brc1cnc2nc(Br)ccc2c1,Fc1cccc(-c2ccc3c(ccn3-c3cnccn3)c2)c1-c1cnc2nc(-c3c(F)cccc3-c3ccc4c(ccn4-c4cnccn4)c3)ccc2c1,CC(C)(C)OC(=O)n1ccc2cc(-c3cccc(F)c3-c3cnc4nc(-c5c(F)cccc5-c5ccc6c(ccn6C(=O)OC(C)(C)C)c5)ccc4c3)ccc21,Fc1cccc(-c2ccc3[nH]ccc3c2)c1-c1cnc2nc(-c3c(F)cccc3-c3ccc4[nH]ccc4c3)ccc2c1,Brc1nccnc1
470.0,CC(C)(C)OC(=O)n1ccc2cc(B3OC(C)(C)C(C)(C)O3)ccc21,CC(C)(C)OC(=O)n1ccc2cc(-c3cccc(F)c3[B-]34OC(=O)C[N+]3(C)CC(=O)O4)ccc21,C[N+]12CC(=O)O[B-]1(c1c(F)cccc1Br)OC(=O)C2,Brc1cccc2cccc(Br)c12,Fc1cccc(-c2ccc3c(ccn3-c3cnccn3)c2)c1-c1cccc2cccc(-c3c(F)cccc3-c3ccc4c(ccn4-c4cnccn4)c3)c12,CC(C)(C)OC(=O)n1ccc2cc(-c3cccc(F)c3-c3cccc4cccc(-c5c(F)cccc5-c5ccc6c(ccn6C(=O)OC(C)(C)C)c5)c34)ccc21,Fc1cccc(-c2ccc3[nH]ccc3c2)c1-c1cccc2cccc(-c3c(F)cccc3-c3ccc4[nH]ccc4c3)c12,Brc1nccnc1
471.0,CC(C)(C)OC(=O)n1ccc2cc(B3OC(C)(C)C(C)(C)O3)ccc21,CC(C)(C)OC(=O)n1ccc2cc(-c3cccc(F)c3[B-]34OC(=O)C[N+]3(C)CC(=O)O4)ccc21,C[N+]12CC(=O)O[B-]1(c1c(F)cccc1Br)OC(=O)C2,CCCCC(CC)CC1(CC(CC)CCCC)c2cc(I)ccc2-c2ccc(I)cc21,CCCCC(CC)CC1(CC(CC)CCCC)c2cc(-c3c(F)cccc3-c3ccc4c(ccn4-c4cnccn4)c3)ccc2-c2ccc(-c3c(F)cccc3-c3ccc4c(ccn4-c4cnccn4)c3)cc21,CCCCC(CC)CC1(CC(CC)CCCC)c2cc(-c3c(F)cccc3-c3ccc4c(ccn4C(=O)OC(C)(C)C)c3)ccc2-c2ccc(-c3c(F)cccc3-c3ccc4c(ccn4C(=O)OC(C)(C)C)c3)cc21,CCCCC(CC)CC1(CC(CC)CCCC)c2cc(-c3c(F)cccc3-c3ccc4[nH]ccc4c3)ccc2-c2ccc(-c3c(F)cccc3-c3ccc4[nH]ccc4c3)cc21,Brc1nccnc1
472.0,CC(C)(C)OC(=O)n1ccc2cc(B3OC(C)(C)C(C)(C)O3)ccc21,CC(C)(C)OC(=O)n1ccc2cc(-c3cccc(F)c3[B-]34OC(=O)C[N+]3(C)CC(=O)O4)ccc21,C[N+]12CC(=O)O[B-]1(c1c(F)cccc1Br)OC(=O)C2,Fc1c(F)c(Br)c2nsnc2c1Br,Fc1cccc(-c2ccc3c(ccn3-c3cnccn3)c2)c1-c1c(F)c(F)c(-c2c(F)cccc2-c2ccc3c(ccn3-c3cnccn3)c2)c2nsnc12,CC(C)(C)OC(=O)n1ccc2cc(-c3cccc(F)c3-c3c(F)c(F)c(-c4c(F)cccc4-c4ccc5c(ccn5C(=O)OC(C)(C)C)c4)c4nsnc34)ccc21,Fc1cccc(-c2ccc3[nH]ccc3c2)c1-c1c(F)c(F)c(-c2c(F)cccc2-c2ccc3[nH]ccc3c2)c2nsnc12,Brc1nccnc1
473.0,CC(C)(C)OC(=O)n1ccc2cc(B3OC(C)(C)C(C)(C)O3)ccc21,CC(C)(C)OC(=O)n1ccc2cc(-c3cccc(F)c3[B-]34OC(=O)C[N+]3(C)CC(=O)O4)ccc21,C[N+]12CC(=O)O[B-]1(c1c(F)cccc1Br)OC(=O)C2,C[Si](C)(c1ccc(Br)cc1)c1ccc(Br)cc1,C[Si](C)(c1ccc(-c2c(F)cccc2-c2ccc3c(ccn3-c3cnccn3)c2)cc1)c1ccc(-c2c(F)cccc2-c2ccc3c(ccn3-c3cnccn3)c2)cc1,CC(C)(C)OC(=O)n1ccc2cc(-c3cccc(F)c3-c3ccc([Si](C)(C)c4ccc(-c5c(F)cccc5-c5ccc6c(ccn6C(=O)OC(C)(C)C)c5)cc4)cc3)ccc21,C[Si](C)(c1ccc(-c2c(F)cccc2-c2ccc3[nH]ccc3c2)cc1)c1ccc(-c2c(F)cccc2-c2ccc3[nH]ccc3c2)cc1,Brc1nccnc1
474.0,CC(C)(C)OC(=O)n1ccc2cc(B3OC(C)(C)C(C)(C)O3)ccc21,CC(C)(C)OC(=O)n1ccc2cc(-c3cccc(F)c3[B-]34OC(=O)C[N+]3(C)CC(=O)O4)ccc21,C[N+]12CC(=O)O[B-]1(c1c(F)cccc1Br)OC(=O)C2,Brc1ccc2nc3ccc(Br)cc3nc2c1,Fc1cccc(-c2ccc3c(ccn3-c3cnccn3)c2)c1-c1ccc2nc3ccc(-c4c(F)cccc4-c4ccc5c(ccn5-c5cnccn5)c4)cc3nc2c1,CC(C)(C)OC(=O)n1ccc2cc(-c3cccc(F)c3-c3ccc4nc5ccc(-c6c(F)cccc6-c6ccc7c(ccn7C(=O)OC(C)(C)C)c6)cc5nc4c3)ccc21,Fc1cccc(-c2ccc3[nH]ccc3c2)c1-c1ccc2nc3ccc(-c4c(F)cccc4-c4ccc5[nH]ccc5c4)cc3nc2c1,Brc1nccnc1
475.0,CC(C)(C)OC(=O)n1ccc2cc(B3OC(C)(C)C(C)(C)O3)ccc21,CC(C)(C)OC(=O)n1ccc2cc(-c3cccc([B-]45OC(=O)C[N+]4(C)CC(=O)O5)c3F)ccc21,C[N+]12CC(=O)O[B-]1(c1cccc(Br)c1F)OC(=O)C2,C[Si](C)(c1ccccc1Br)c1ccccc1Br,C[Si](C)(c1ccccc1-c1cccc(-c2ccc3c(ccn3-c3cnccn3)c2)c1F)c1ccccc1-c1cccc(-c2ccc3c(ccn3-c3cnccn3)c2)c1F,CC(C)(C)OC(=O)n1ccc2cc(-c3cccc(-c4ccccc4[Si](C)(C)c4ccccc4-c4cccc(-c5ccc6c(ccn6C(=O)OC(C)(C)C)c5)c4F)c3F)ccc21,C[Si](C)(c1ccccc1-c1cccc(-c2ccc3[nH]ccc3c2)c1F)c1ccccc1-c1cccc(-c2ccc3[nH]ccc3c2)c1F,Brc1nccnc1
476.0,CC(C)(C)OC(=O)n1ccc2cc(B3OC(C)(C)C(C)(C)O3)ccc21,CC(C)(C)OC(=O)n1ccc2cc(-c3cccc([B-]45OC(=O)C[N+]4(C)CC(=O)O5)c3F)ccc21,C[N+]12CC(=O)O[B-]1(c1cccc(Br)c1F)OC(=O)C2,Brc1ccc(Br)nc1,Fc1c(-c2ccc(-c3cccc(-c4ccc5c(ccn5-c5cnccn5)c4)c3F)nc2)cccc1-c1ccc2c(ccn2-c2cnccn2)c1,CC(C)(C)OC(=O)n1ccc2cc(-c3cccc(-c4ccc(-c5cccc(-c6ccc7c(ccn7C(=O)OC(C)(C)C)c6)c5F)nc4)c3F)ccc21,Fc1c(-c2ccc(-c3cccc(-c4ccc5[nH]ccc5c4)c3F)nc2)cccc1-c1ccc2[nH]ccc2c1,Brc1nccnc1
478.0,CC(C)(C)OC(=O)n1ccc2cc(B3OC(C)(C)C(C)(C)O3)ccc21,CC(C)(C)OC(=O)n1ccc2cc(-c3cccc([B-]45OC(=O)C[N+]4(C)CC(=O)O5)c3F)ccc21,C[N+]12CC(=O)O[B-]1(c1cccc(Br)c1F)OC(=O)C2,Brc1cc(Br)c2ccccc2c1,Fc1c(-c2cc(-c3cccc(-c4ccc5c(ccn5-c5cnccn5)c4)c3F)c3ccccc3c2)cccc1-c1ccc2c(ccn2-c2cnccn2)c1,CC(C)(C)OC(=O)n1ccc2cc(-c3cccc(-c4cc(-c5cccc(-c6ccc7c(ccn7C(=O)OC(C)(C)C)c6)c5F)c5ccccc5c4)c3F)ccc21,Fc1c(-c2ccc3[nH]ccc3c2)cccc1-c1cc(-c2cccc(-c3ccc4[nH]ccc4c3)c2F)c2ccccc2c1,Brc1nccnc1
479.0,CC(C)(C)OC(=O)n1ccc2cc(B3OC(C)(C)C(C)(C)O3)ccc21,CC(C)(C)OC(=O)n1ccc2cc(-c3cccc([B-]45OC(=O)C[N+]4(C)CC(=O)O5)c3F)ccc21,C[N+]12CC(=O)O[B-]1(c1cccc(Br)c1F)OC(=O)C2,Clc1cc(Br)sc1Br,Fc1c(-c2ccc3c(ccn3-c3cnccn3)c2)cccc1-c1cc(Cl)c(-c2cccc(-c3ccc4c(ccn4-c4cnccn4)c3)c2F)s1,CC(C)(C)OC(=O)n1ccc2cc(-c3cccc(-c4cc(Cl)c(-c5cccc(-c6ccc7c(ccn7C(=O)OC(C)(C)C)c6)c5F)s4)c3F)ccc21,Fc1c(-c2ccc3[nH]ccc3c2)cccc1-c1cc(Cl)c(-c2cccc(-c3ccc4[nH]ccc4c3)c2F)s1,Brc1nccnc1
480.0,CC(C)(C)OC(=O)n1ccc2cc(B3OC(C)(C)C(C)(C)O3)ccc21,CC(C)(C)OC(=O)n1ccc2cc(-c3cccc([B-]45OC(=O)C[N+]4(C)CC(=O)O5)c3F)ccc21,C[N+]12CC(=O)O[B-]1(c1cccc(Br)c1F)OC(=O)C2,Cc1nc2c(Br)c3nsnc3c(Br)c2nc1C,Cc1nc2c(-c3cccc(-c4ccc5c(ccn5-c5cnccn5)c4)c3F)c3nsnc3c(-c3cccc(-c4ccc5c(ccn5-c5cnccn5)c4)c3F)c2nc1C,Cc1nc2c(-c3cccc(-c4ccc5c(ccn5C(=O)OC(C)(C)C)c4)c3F)c3nsnc3c(-c3cccc(-c4ccc5c(ccn5C(=O)OC(C)(C)C)c4)c3F)c2nc1C,Cc1nc2c(-c3cccc(-c4ccc5[nH]ccc5c4)c3F)c3nsnc3c(-c3cccc(-c4ccc5[nH]ccc5c4)c3F)c2nc1C,Brc1nccnc1
481.0,CC(C)(C)OC(=O)n1ccc2cc(B3OC(C)(C)C(C)(C)O3)ccc21,CC(C)(C)OC(=O)n1ccc2cc(-c3cccc([B-]45OC(=O)C[N+]4(C)CC(=O)O5)c3F)ccc21,C[N+]12CC(=O)O[B-]1(c1cccc(Br)c1F)OC(=O)C2,Brc1ccccc1Oc1ccccc1Br,Fc1c(-c2ccc3c(ccn3-c3cnccn3)c2)cccc1-c1ccccc1Oc1ccccc1-c1cccc(-c2ccc3c(ccn3-c3cnccn3)c2)c1F,CC(C)(C)OC(=O)n1ccc2cc(-c3cccc(-c4ccccc4Oc4ccccc4-c4cccc(-c5ccc6c(ccn6C(=O)OC(C)(C)C)c5)c4F)c3F)ccc21,Fc1c(-c2ccc3[nH]ccc3c2)cccc1-c1ccccc1Oc1ccccc1-c1cccc(-c2ccc3[nH]ccc3c2)c1F,Brc1nccnc1
482.0,CC(C)(C)OC(=O)n1ccc2cc(B3OC(C)(C)C(C)(C)O3)ccc21,CC(C)(C)OC(=O)n1ccc2cc(-c3cccc([B-]45OC(=O)C[N+]4(C)CC(=O)O5)c3F)ccc21,C[N+]12CC(=O)O[B-]1(c1cccc(Br)c1F)OC(=O)C2,CC(C)(C)c1ccc2c(Br)c3ccccc3c(Br)c2c1,CC(C)(C)c1ccc2c(-c3cccc(-c4ccc5c(ccn5-c5cnccn5)c4)c3F)c3ccccc3c(-c3cccc(-c4ccc5c(ccn5-c5cnccn5)c4)c3F)c2c1,CC(C)(C)OC(=O)n1ccc2cc(-c3cccc(-c4c5ccccc5c(-c5cccc(-c6ccc7c(ccn7C(=O)OC(C)(C)C)c6)c5F)c5cc(C(C)(C)C)ccc45)c3F)ccc21,CC(C)(C)c1ccc2c(-c3cccc(-c4ccc5[nH]ccc5c4)c3F)c3ccccc3c(-c3cccc(-c4ccc5[nH]ccc5c4)c3F)c2c1,Brc1nccnc1
483.0,CC(C)(C)OC(=O)n1ccc2cc(B3OC(C)(C)C(C)(C)O3)ccc21,CC(C)(C)OC(=O)n1ccc2cc(-c3cccc([B-]45OC(=O)C[N+]4(C)CC(=O)O5)c3F)ccc21,C[N+]12CC(=O)O[B-]1(c1cccc(Br)c1F)OC(=O)C2,Fc1cc(Br)c(F)cc1Br,Fc1cc(-c2cccc(-c3ccc4c(ccn4-c4cnccn4)c3)c2F)c(F)cc1-c1cccc(-c2ccc3c(ccn3-c3cnccn3)c2)c1F,CC(C)(C)OC(=O)n1ccc2cc(-c3cccc(-c4cc(F)c(-c5cccc(-c6ccc7c(ccn7C(=O)OC(C)(C)C)c6)c5F)cc4F)c3F)ccc21,Fc1cc(-c2cccc(-c3ccc4[nH]ccc4c3)c2F)c(F)cc1-c1cccc(-c2ccc3[nH]ccc3c2)c1F,Brc1nccnc1
484.0,CC(C)(C)OC(=O)n1ccc2cc(B3OC(C)(C)C(C)(C)O3)ccc21,CC(C)(C)OC(=O)n1ccc2cc(-c3cccc([B-]45OC(=O)C[N+]4(C)CC(=O)O5)c3F)ccc21,C[N+]12CC(=O)O[B-]1(c1cccc(Br)c1F)OC(=O)C2,Brc1ccc2oc(Br)cc2c1,Fc1c(-c2ccc3oc(-c4cccc(-c5ccc6c(ccn6-c6cnccn6)c5)c4F)cc3c2)cccc1-c1ccc2c(ccn2-c2cnccn2)c1,CC(C)(C)OC(=O)n1ccc2cc(-c3cccc(-c4ccc5oc(-c6cccc(-c7ccc8c(ccn8C(=O)OC(C)(C)C)c7)c6F)cc5c4)c3F)ccc21,Fc1c(-c2ccc3[nH]ccc3c2)cccc1-c1ccc2oc(-c3cccc(-c4ccc5[nH]ccc5c4)c3F)cc2c1,Brc1nccnc1
485.0,CC(C)(C)OC(=O)n1ccc2cc(B3OC(C)(C)C(C)(C)O3)ccc21,CC(C)(C)OC(=O)n1ccc2cc(-c3cccc([B-]45OC(=O)C[N+]4(C)CC(=O)O5)c3F)ccc21,C[N+]12CC(=O)O[B-]1(c1cccc(Br)c1F)OC(=O)C2,Brc1ccc(Br)o1,Fc1c(-c2ccc3c(ccn3-c3cnccn3)c2)cccc1-c1ccc(-c2cccc(-c3ccc4c(ccn4-c4cnccn4)c3)c2F)o1,CC(C)(C)OC(=O)n1ccc2cc(-c3cccc(-c4ccc(-c5cccc(-c6ccc7c(ccn7C(=O)OC(C)(C)C)c6)c5F)o4)c3F)ccc21,Fc1c(-c2ccc3[nH]ccc3c2)cccc1-c1ccc(-c2cccc(-c3ccc4[nH]ccc4c3)c2F)o1,Brc1nccnc1
486.0,CC(C)(C)OC(=O)n1ccc2cc(B3OC(C)(C)C(C)(C)O3)ccc21,CC(C)(C)OC(=O)n1ccc2cc(-c3cccc([B-]45OC(=O)C[N+]4(C)CC(=O)O5)c3F)ccc21,C[N+]12CC(=O)O[B-]1(c1cccc(Br)c1F)OC(=O)C2,Brc1ccc2c(c1)C1(c3ccccc3-c3ccccc31)c1cc(Br)ccc1-2,Fc1c(-c2ccc3c(c2)C2(c4ccccc4-c4ccccc42)c2cc(-c4cccc(-c5ccc6c(ccn6-c6cnccn6)c5)c4F)ccc2-3)cccc1-c1ccc2c(ccn2-c2cnccn2)c1,CC(C)(C)OC(=O)n1ccc2cc(-c3cccc(-c4ccc5c(c4)C4(c6ccccc6-c6ccccc64)c4cc(-c6cccc(-c7ccc8c(ccn8C(=O)OC(C)(C)C)c7)c6F)ccc4-5)c3F)ccc21,Fc1c(-c2ccc3c(c2)C2(c4ccccc4-c4ccccc42)c2cc(-c4cccc(-c5ccc6[nH]ccc6c5)c4F)ccc2-3)cccc1-c1ccc2[nH]ccc2c1,Brc1nccnc1
487.0,CC(C)(C)OC(=O)n1ccc2cc(B3OC(C)(C)C(C)(C)O3)ccc21,CC(C)(C)OC(=O)n1ccc2cc(-c3cccc([B-]45OC(=O)C[N+]4(C)CC(=O)O5)c3F)ccc21,C[N+]12CC(=O)O[B-]1(c1cccc(Br)c1F)OC(=O)C2,Clc1cc(Cl)c(Br)cc1Br,Fc1c(-c2ccc3c(ccn3-c3cnccn3)c2)cccc1-c1cc(-c2cccc(-c3ccc4c(ccn4-c4cnccn4)c3)c2F)c(Cl)cc1Cl,CC(C)(C)OC(=O)n1ccc2cc(-c3cccc(-c4cc(-c5cccc(-c6ccc7c(ccn7C(=O)OC(C)(C)C)c6)c5F)c(Cl)cc4Cl)c3F)ccc21,Fc1c(-c2ccc3[nH]ccc3c2)cccc1-c1cc(-c2cccc(-c3ccc4[nH]ccc4c3)c2F)c(Cl)cc1Cl,Brc1nccnc1
488.0,CC(C)(C)OC(=O)n1ccc2cc(B3OC(C)(C)C(C)(C)O3)ccc21,CC(C)(C)OC(=O)n1ccc2cc(-c3cccc([B-]45OC(=O)C[N+]4(C)CC(=O)O5)c3F)ccc21,C[N+]12CC(=O)O[B-]1(c1cccc(Br)c1F)OC(=O)C2,Brc1cnc2nc(Br)ccc2c1,Fc1c(-c2cnc3nc(-c4cccc(-c5ccc6c(ccn6-c6cnccn6)c5)c4F)ccc3c2)cccc1-c1ccc2c(ccn2-c2cnccn2)c1,CC(C)(C)OC(=O)n1ccc2cc(-c3cccc(-c4cnc5nc(-c6cccc(-c7ccc8c(ccn8C(=O)OC(C)(C)C)c7)c6F)ccc5c4)c3F)ccc21,Fc1c(-c2cnc3nc(-c4cccc(-c5ccc6[nH]ccc6c5)c4F)ccc3c2)cccc1-c1ccc2[nH]ccc2c1,Brc1nccnc1
489.0,CC(C)(C)OC(=O)n1ccc2cc(B3OC(C)(C)C(C)(C)O3)ccc21,CC(C)(C)OC(=O)n1ccc2cc(-c3cccc([B-]45OC(=O)C[N+]4(C)CC(=O)O5)c3F)ccc21,C[N+]12CC(=O)O[B-]1(c1cccc(Br)c1F)OC(=O)C2,Brc1cccc2cccc(Br)c12,Fc1c(-c2ccc3c(ccn3-c3cnccn3)c2)cccc1-c1cccc2cccc(-c3cccc(-c4ccc5c(ccn5-c5cnccn5)c4)c3F)c12,CC(C)(C)OC(=O)n1ccc2cc(-c3cccc(-c4cccc5cccc(-c6cccc(-c7ccc8c(ccn8C(=O)OC(C)(C)C)c7)c6F)c45)c3F)ccc21,Fc1c(-c2ccc3[nH]ccc3c2)cccc1-c1cccc2cccc(-c3cccc(-c4ccc5[nH]ccc5c4)c3F)c12,Brc1nccnc1
490.0,CC(C)(C)OC(=O)n1ccc2cc(B3OC(C)(C)C(C)(C)O3)ccc21,CC(C)(C)OC(=O)n1ccc2cc(-c3cccc([B-]45OC(=O)C[N+]4(C)CC(=O)O5)c3F)ccc21,C[N+]12CC(=O)O[B-]1(c1cccc(Br)c1F)OC(=O)C2,CCCCC(CC)CC1(CC(CC)CCCC)c2cc(I)ccc2-c2ccc(I)cc21,CCCCC(CC)CC1(CC(CC)CCCC)c2cc(-c3cccc(-c4ccc5c(ccn5-c5cnccn5)c4)c3F)ccc2-c2ccc(-c3cccc(-c4ccc5c(ccn5-c5cnccn5)c4)c3F)cc21,CCCCC(CC)CC1(CC(CC)CCCC)c2cc(-c3cccc(-c4ccc5c(ccn5C(=O)OC(C)(C)C)c4)c3F)ccc2-c2ccc(-c3cccc(-c4ccc5c(ccn5C(=O)OC(C)(C)C)c4)c3F)cc21,CCCCC(CC)CC1(CC(CC)CCCC)c2cc(-c3cccc(-c4ccc5[nH]ccc5c4)c3F)ccc2-c2ccc(-c3cccc(-c4ccc5[nH]ccc5c4)c3F)cc21,Brc1nccnc1
491.0,CC(C)(C)OC(=O)n1ccc2cc(B3OC(C)(C)C(C)(C)O3)ccc21,CC(C)(C)OC(=O)n1ccc2cc(-c3cccc([B-]45OC(=O)C[N+]4(C)CC(=O)O5)c3F)ccc21,C[N+]12CC(=O)O[B-]1(c1cccc(Br)c1F)OC(=O)C2,Fc1c(F)c(Br)c2nsnc2c1Br,Fc1c(-c2ccc3c(ccn3-c3cnccn3)c2)cccc1-c1c(F)c(F)c(-c2cccc(-c3ccc4c(ccn4-c4cnccn4)c3)c2F)c2nsnc12,CC(C)(C)OC(=O)n1ccc2cc(-c3cccc(-c4c(F)c(F)c(-c5cccc(-c6ccc7c(ccn7C(=O)OC(C)(C)C)c6)c5F)c5nsnc45)c3F)ccc21,Fc1c(-c2ccc3[nH]ccc3c2)cccc1-c1c(F)c(F)c(-c2cccc(-c3ccc4[nH]ccc4c3)c2F)c2nsnc12,Brc1nccnc1
492.0,CC(C)(C)OC(=O)n1ccc2cc(B3OC(C)(C)C(C)(C)O3)ccc21,CC(C)(C)OC(=O)n1ccc2cc(-c3cccc([B-]45OC(=O)C[N+]4(C)CC(=O)O5)c3F)ccc21,C[N+]12CC(=O)O[B-]1(c1cccc(Br)c1F)OC(=O)C2,C[Si](C)(c1ccc(Br)cc1)c1ccc(Br)cc1,C[Si](C)(c1ccc(-c2cccc(-c3ccc4c(ccn4-c4cnccn4)c3)c2F)cc1)c1ccc(-c2cccc(-c3ccc4c(ccn4-c4cnccn4)c3)c2F)cc1,CC(C)(C)OC(=O)n1ccc2cc(-c3cccc(-c4ccc([Si](C)(C)c5ccc(-c6cccc(-c7ccc8c(ccn8C(=O)OC(C)(C)C)c7)c6F)cc5)cc4)c3F)ccc21,C[Si](C)(c1ccc(-c2cccc(-c3ccc4[nH]ccc4c3)c2F)cc1)c1ccc(-c2cccc(-c3ccc4[nH]ccc4c3)c2F)cc1,Brc1nccnc1
493.0,CC(C)(C)OC(=O)n1ccc2cc(B3OC(C)(C)C(C)(C)O3)ccc21,CC(C)(C)OC(=O)n1ccc2cc(-c3cccc([B-]45OC(=O)C[N+]4(C)CC(=O)O5)c3F)ccc21,C[N+]12CC(=O)O[B-]1(c1cccc(Br)c1F)OC(=O)C2,Brc1ccc2nc3ccc(Br)cc3nc2c1,Fc1c(-c2ccc3c(ccn3-c3cnccn3)c2)cccc1-c1ccc2nc3ccc(-c4cccc(-c5ccc6c(ccn6-c6cnccn6)c5)c4F)cc3nc2c1,CC(C)(C)OC(=O)n1ccc2cc(-c3cccc(-c4ccc5nc6ccc(-c7cccc(-c8ccc9c(ccn9C(=O)OC(C)(C)C)c8)c7F)cc6nc5c4)c3F)ccc21,Fc1c(-c2ccc3[nH]ccc3c2)cccc1-c1ccc2nc3ccc(-c4cccc(-c5ccc6[nH]ccc6c5)c4F)cc3nc2c1,Brc1nccnc1
494.0,CC(C)(C)OC(=O)n1ccc2cc(B3OC(C)(C)C(C)(C)O3)ccc21,Cn1ncc(-c2ccc3c(ccn3C(=O)OC(C)(C)C)c2)c1[B-]12OC(=O)C[N+]1(C)CC(=O)O2,Cn1ncc(Br)c1[B-]12OC(=O)C[N+]1(C)CC(=O)O2,C[Si](C)(c1ccccc1Br)c1ccccc1Br,Cn1ncc(-c2ccc3c(ccn3-c3cnccn3)c2)c1-c1ccccc1[Si](C)(C)c1ccccc1-c1c(-c2ccc3c(ccn3-c3cnccn3)c2)cnn1C,Cn1ncc(-c2ccc3c(ccn3C(=O)OC(C)(C)C)c2)c1-c1ccccc1[Si](C)(C)c1ccccc1-c1c(-c2ccc3c(ccn3C(=O)OC(C)(C)C)c2)cnn1C,Cn1ncc(-c2ccc3[nH]ccc3c2)c1-c1ccccc1[Si](C)(C)c1ccccc1-c1c(-c2ccc3[nH]ccc3c2)cnn1C,Brc1nccnc1
495.0,CC(C)(C)OC(=O)n1ccc2cc(B3OC(C)(C)C(C)(C)O3)ccc21,Cn1ncc(-c2ccc3c(ccn3C(=O)OC(C)(C)C)c2)c1[B-]12OC(=O)C[N+]1(C)CC(=O)O2,Cn1ncc(Br)c1[B-]12OC(=O)C[N+]1(C)CC(=O)O2,Brc1ccc(Br)nc1,Cn1ncc(-c2ccc3c(ccn3-c3cnccn3)c2)c1-c1ccc(-c2c(-c3ccc4c(ccn4-c4cnccn4)c3)cnn2C)nc1,Cn1ncc(-c2ccc3c(ccn3C(=O)OC(C)(C)C)c2)c1-c1ccc(-c2c(-c3ccc4c(ccn4C(=O)OC(C)(C)C)c3)cnn2C)nc1,Cn1ncc(-c2ccc3[nH]ccc3c2)c1-c1ccc(-c2c(-c3ccc4[nH]ccc4c3)cnn2C)nc1,Brc1nccnc1
497.0,CC(C)(C)OC(=O)n1ccc2cc(B3OC(C)(C)C(C)(C)O3)ccc21,Cn1ncc(-c2ccc3c(ccn3C(=O)OC(C)(C)C)c2)c1[B-]12OC(=O)C[N+]1(C)CC(=O)O2,Cn1ncc(Br)c1[B-]12OC(=O)C[N+]1(C)CC(=O)O2,Brc1cc(Br)c2ccccc2c1,Cn1ncc(-c2ccc3c(ccn3-c3cnccn3)c2)c1-c1cc(-c2c(-c3ccc4c(ccn4-c4cnccn4)c3)cnn2C)c2ccccc2c1,Cn1ncc(-c2ccc3c(ccn3C(=O)OC(C)(C)C)c2)c1-c1cc(-c2c(-c3ccc4c(ccn4C(=O)OC(C)(C)C)c3)cnn2C)c2ccccc2c1,Cn1ncc(-c2ccc3[nH]ccc3c2)c1-c1cc(-c2c(-c3ccc4[nH]ccc4c3)cnn2C)c2ccccc2c1,Brc1nccnc1
498.0,CC(C)(C)OC(=O)n1ccc2cc(B3OC(C)(C)C(C)(C)O3)ccc21,Cn1ncc(-c2ccc3c(ccn3C(=O)OC(C)(C)C)c2)c1[B-]12OC(=O)C[N+]1(C)CC(=O)O2,Cn1ncc(Br)c1[B-]12OC(=O)C[N+]1(C)CC(=O)O2,Clc1cc(Br)sc1Br,Cn1ncc(-c2ccc3c(ccn3-c3cnccn3)c2)c1-c1cc(Cl)c(-c2c(-c3ccc4c(ccn4-c4cnccn4)c3)cnn2C)s1,Cn1ncc(-c2ccc3c(ccn3C(=O)OC(C)(C)C)c2)c1-c1cc(Cl)c(-c2c(-c3ccc4c(ccn4C(=O)OC(C)(C)C)c3)cnn2C)s1,Cn1ncc(-c2ccc3[nH]ccc3c2)c1-c1cc(Cl)c(-c2c(-c3ccc4[nH]ccc4c3)cnn2C)s1,Brc1nccnc1
499.0,CC(C)(C)OC(=O)n1ccc2cc(B3OC(C)(C)C(C)(C)O3)ccc21,Cn1ncc(-c2ccc3c(ccn3C(=O)OC(C)(C)C)c2)c1[B-]12OC(=O)C[N+]1(C)CC(=O)O2,Cn1ncc(Br)c1[B-]12OC(=O)C[N+]1(C)CC(=O)O2,Cc1nc2c(Br)c3nsnc3c(Br)c2nc1C,Cc1nc2c(-c3c(-c4ccc5c(ccn5-c5cnccn5)c4)cnn3C)c3nsnc3c(-c3c(-c4ccc5c(ccn5-c5cnccn5)c4)cnn3C)c2nc1C,Cc1nc2c(-c3c(-c4ccc5c(ccn5C(=O)OC(C)(C)C)c4)cnn3C)c3nsnc3c(-c3c(-c4ccc5c(ccn5C(=O)OC(C)(C)C)c4)cnn3C)c2nc1C,Cc1nc2c(-c3c(-c4ccc5[nH]ccc5c4)cnn3C)c3nsnc3c(-c3c(-c4ccc5[nH]ccc5c4)cnn3C)c2nc1C,Brc1nccnc1
500.0,CC(C)(C)OC(=O)n1ccc2cc(B3OC(C)(C)C(C)(C)O3)ccc21,Cn1ncc(-c2ccc3c(ccn3C(=O)OC(C)(C)C)c2)c1[B-]12OC(=O)C[N+]1(C)CC(=O)O2,Cn1ncc(Br)c1[B-]12OC(=O)C[N+]1(C)CC(=O)O2,Brc1ccccc1Oc1ccccc1Br,Cn1ncc(-c2ccc3c(ccn3-c3cnccn3)c2)c1-c1ccccc1Oc1ccccc1-c1c(-c2ccc3c(ccn3-c3cnccn3)c2)cnn1C,Cn1ncc(-c2ccc3c(ccn3C(=O)OC(C)(C)C)c2)c1-c1ccccc1Oc1ccccc1-c1c(-c2ccc3c(ccn3C(=O)OC(C)(C)C)c2)cnn1C,Cn1ncc(-c2ccc3[nH]ccc3c2)c1-c1ccccc1Oc1ccccc1-c1c(-c2ccc3[nH]ccc3c2)cnn1C,Brc1nccnc1
501.0,CC(C)(C)OC(=O)n1ccc2cc(B3OC(C)(C)C(C)(C)O3)ccc21,Cn1ncc(-c2ccc3c(ccn3C(=O)OC(C)(C)C)c2)c1[B-]12OC(=O)C[N+]1(C)CC(=O)O2,Cn1ncc(Br)c1[B-]12OC(=O)C[N+]1(C)CC(=O)O2,CC(C)(C)c1ccc2c(Br)c3ccccc3c(Br)c2c1,Cn1ncc(-c2ccc3c(ccn3-c3cnccn3)c2)c1-c1c2ccccc2c(-c2c(-c3ccc4c(ccn4-c4cnccn4)c3)cnn2C)c2cc(C(C)(C)C)ccc12,Cn1ncc(-c2ccc3c(ccn3C(=O)OC(C)(C)C)c2)c1-c1c2ccccc2c(-c2c(-c3ccc4c(ccn4C(=O)OC(C)(C)C)c3)cnn2C)c2cc(C(C)(C)C)ccc12,Cn1ncc(-c2ccc3[nH]ccc3c2)c1-c1c2ccccc2c(-c2c(-c3ccc4[nH]ccc4c3)cnn2C)c2cc(C(C)(C)C)ccc12,Brc1nccnc1
502.0,CC(C)(C)OC(=O)n1ccc2cc(B3OC(C)(C)C(C)(C)O3)ccc21,Cn1ncc(-c2ccc3c(ccn3C(=O)OC(C)(C)C)c2)c1[B-]12OC(=O)C[N+]1(C)CC(=O)O2,Cn1ncc(Br)c1[B-]12OC(=O)C[N+]1(C)CC(=O)O2,Fc1cc(Br)c(F)cc1Br,Cn1ncc(-c2ccc3c(ccn3-c3cnccn3)c2)c1-c1cc(F)c(-c2c(-c3ccc4c(ccn4-c4cnccn4)c3)cnn2C)cc1F,Cn1ncc(-c2ccc3c(ccn3C(=O)OC(C)(C)C)c2)c1-c1cc(F)c(-c2c(-c3ccc4c(ccn4C(=O)OC(C)(C)C)c3)cnn2C)cc1F,Cn1ncc(-c2ccc3[nH]ccc3c2)c1-c1cc(F)c(-c2c(-c3ccc4[nH]ccc4c3)cnn2C)cc1F,Brc1nccnc1
503.0,CC(C)(C)OC(=O)n1ccc2cc(B3OC(C)(C)C(C)(C)O3)ccc21,Cn1ncc(-c2ccc3c(ccn3C(=O)OC(C)(C)C)c2)c1[B-]12OC(=O)C[N+]1(C)CC(=O)O2,Cn1ncc(Br)c1[B-]12OC(=O)C[N+]1(C)CC(=O)O2,Brc1ccc2oc(Br)cc2c1,Cn1ncc(-c2ccc3c(ccn3-c3cnccn3)c2)c1-c1ccc2oc(-c3c(-c4ccc5c(ccn5-c5cnccn5)c4)cnn3C)cc2c1,Cn1ncc(-c2ccc3c(ccn3C(=O)OC(C)(C)C)c2)c1-c1ccc2oc(-c3c(-c4ccc5c(ccn5C(=O)OC(C)(C)C)c4)cnn3C)cc2c1,Cn1ncc(-c2ccc3[nH]ccc3c2)c1-c1ccc2oc(-c3c(-c4ccc5[nH]ccc5c4)cnn3C)cc2c1,Brc1nccnc1
504.0,CC(C)(C)OC(=O)n1ccc2cc(B3OC(C)(C)C(C)(C)O3)ccc21,Cn1ncc(-c2ccc3c(ccn3C(=O)OC(C)(C)C)c2)c1[B-]12OC(=O)C[N+]1(C)CC(=O)O2,Cn1ncc(Br)c1[B-]12OC(=O)C[N+]1(C)CC(=O)O2,Brc1ccc(Br)o1,Cn1ncc(-c2ccc3c(ccn3-c3cnccn3)c2)c1-c1ccc(-c2c(-c3ccc4c(ccn4-c4cnccn4)c3)cnn2C)o1,Cn1ncc(-c2ccc3c(ccn3C(=O)OC(C)(C)C)c2)c1-c1ccc(-c2c(-c3ccc4c(ccn4C(=O)OC(C)(C)C)c3)cnn2C)o1,Cn1ncc(-c2ccc3[nH]ccc3c2)c1-c1ccc(-c2c(-c3ccc4[nH]ccc4c3)cnn2C)o1,Brc1nccnc1
505.0,CC(C)(C)OC(=O)n1ccc2cc(B3OC(C)(C)C(C)(C)O3)ccc21,Cn1ncc(-c2ccc3c(ccn3C(=O)OC(C)(C)C)c2)c1[B-]12OC(=O)C[N+]1(C)CC(=O)O2,Cn1ncc(Br)c1[B-]12OC(=O)C[N+]1(C)CC(=O)O2,Brc1ccc2c(c1)C1(c3ccccc3-c3ccccc31)c1cc(Br)ccc1-2,Cn1ncc(-c2ccc3c(ccn3-c3cnccn3)c2)c1-c1ccc2c(c1)C1(c3ccccc3-c3ccccc31)c1cc(-c3c(-c4ccc5c(ccn5-c5cnccn5)c4)cnn3C)ccc1-2,Cn1ncc(-c2ccc3c(ccn3C(=O)OC(C)(C)C)c2)c1-c1ccc2c(c1)C1(c3ccccc3-c3ccccc31)c1cc(-c3c(-c4ccc5c(ccn5C(=O)OC(C)(C)C)c4)cnn3C)ccc1-2,Cn1ncc(-c2ccc3[nH]ccc3c2)c1-c1ccc2c(c1)C1(c3ccccc3-c3ccccc31)c1cc(-c3c(-c4ccc5[nH]ccc5c4)cnn3C)ccc1-2,Brc1nccnc1
506.0,CC(C)(C)OC(=O)n1ccc2cc(B3OC(C)(C)C(C)(C)O3)ccc21,Cn1ncc(-c2ccc3c(ccn3C(=O)OC(C)(C)C)c2)c1[B-]12OC(=O)C[N+]1(C)CC(=O)O2,Cn1ncc(Br)c1[B-]12OC(=O)C[N+]1(C)CC(=O)O2,Clc1cc(Cl)c(Br)cc1Br,Cn1ncc(-c2ccc3c(ccn3-c3cnccn3)c2)c1-c1cc(-c2c(-c3ccc4c(ccn4-c4cnccn4)c3)cnn2C)c(Cl)cc1Cl,Cn1ncc(-c2ccc3c(ccn3C(=O)OC(C)(C)C)c2)c1-c1cc(-c2c(-c3ccc4c(ccn4C(=O)OC(C)(C)C)c3)cnn2C)c(Cl)cc1Cl,Cn1ncc(-c2ccc3[nH]ccc3c2)c1-c1cc(-c2c(-c3ccc4[nH]ccc4c3)cnn2C)c(Cl)cc1Cl,Brc1nccnc1
507.0,CC(C)(C)OC(=O)n1ccc2cc(B3OC(C)(C)C(C)(C)O3)ccc21,Cn1ncc(-c2ccc3c(ccn3C(=O)OC(C)(C)C)c2)c1[B-]12OC(=O)C[N+]1(C)CC(=O)O2,Cn1ncc(Br)c1[B-]12OC(=O)C[N+]1(C)CC(=O)O2,Brc1cnc2nc(Br)ccc2c1,Cn1ncc(-c2ccc3c(ccn3-c3cnccn3)c2)c1-c1cnc2nc(-c3c(-c4ccc5c(ccn5-c5cnccn5)c4)cnn3C)ccc2c1,Cn1ncc(-c2ccc3c(ccn3C(=O)OC(C)(C)C)c2)c1-c1cnc2nc(-c3c(-c4ccc5c(ccn5C(=O)OC(C)(C)C)c4)cnn3C)ccc2c1,Cn1ncc(-c2ccc3[nH]ccc3c2)c1-c1cnc2nc(-c3c(-c4ccc5[nH]ccc5c4)cnn3C)ccc2c1,Brc1nccnc1
508.0,CC(C)(C)OC(=O)n1ccc2cc(B3OC(C)(C)C(C)(C)O3)ccc21,Cn1ncc(-c2ccc3c(ccn3C(=O)OC(C)(C)C)c2)c1[B-]12OC(=O)C[N+]1(C)CC(=O)O2,Cn1ncc(Br)c1[B-]12OC(=O)C[N+]1(C)CC(=O)O2,Brc1cccc2cccc(Br)c12,Cn1ncc(-c2ccc3c(ccn3-c3cnccn3)c2)c1-c1cccc2cccc(-c3c(-c4ccc5c(ccn5-c5cnccn5)c4)cnn3C)c12,Cn1ncc(-c2ccc3c(ccn3C(=O)OC(C)(C)C)c2)c1-c1cccc2cccc(-c3c(-c4ccc5c(ccn5C(=O)OC(C)(C)C)c4)cnn3C)c12,Cn1ncc(-c2ccc3[nH]ccc3c2)c1-c1cccc2cccc(-c3c(-c4ccc5[nH]ccc5c4)cnn3C)c12,Brc1nccnc1
509.0,CC(C)(C)OC(=O)n1ccc2cc(B3OC(C)(C)C(C)(C)O3)ccc21,Cn1ncc(-c2ccc3c(ccn3C(=O)OC(C)(C)C)c2)c1[B-]12OC(=O)C[N+]1(C)CC(=O)O2,Cn1ncc(Br)c1[B-]12OC(=O)C[N+]1(C)CC(=O)O2,CCCCC(CC)CC1(CC(CC)CCCC)c2cc(I)ccc2-c2ccc(I)cc21,CCCCC(CC)CC1(CC(CC)CCCC)c2cc(-c3c(-c4ccc5c(ccn5-c5cnccn5)c4)cnn3C)ccc2-c2ccc(-c3c(-c4ccc5c(ccn5-c5cnccn5)c4)cnn3C)cc21,CCCCC(CC)CC1(CC(CC)CCCC)c2cc(-c3c(-c4ccc5c(ccn5C(=O)OC(C)(C)C)c4)cnn3C)ccc2-c2ccc(-c3c(-c4ccc5c(ccn5C(=O)OC(C)(C)C)c4)cnn3C)cc21,CCCCC(CC)CC1(CC(CC)CCCC)c2cc(-c3c(-c4ccc5[nH]ccc5c4)cnn3C)ccc2-c2ccc(-c3c(-c4ccc5[nH]ccc5c4)cnn3C)cc21,Brc1nccnc1
510.0,CC(C)(C)OC(=O)n1ccc2cc(B3OC(C)(C)C(C)(C)O3)ccc21,Cn1ncc(-c2ccc3c(ccn3C(=O)OC(C)(C)C)c2)c1[B-]12OC(=O)C[N+]1(C)CC(=O)O2,Cn1ncc(Br)c1[B-]12OC(=O)C[N+]1(C)CC(=O)O2,Fc1c(F)c(Br)c2nsnc2c1Br,Cn1ncc(-c2ccc3c(ccn3-c3cnccn3)c2)c1-c1c(F)c(F)c(-c2c(-c3ccc4c(ccn4-c4cnccn4)c3)cnn2C)c2nsnc12,Cn1ncc(-c2ccc3c(ccn3C(=O)OC(C)(C)C)c2)c1-c1c(F)c(F)c(-c2c(-c3ccc4c(ccn4C(=O)OC(C)(C)C)c3)cnn2C)c2nsnc12,Cn1ncc(-c2ccc3[nH]ccc3c2)c1-c1c(F)c(F)c(-c2c(-c3ccc4[nH]ccc4c3)cnn2C)c2nsnc12,Brc1nccnc1
511.0,CC(C)(C)OC(=O)n1ccc2cc(B3OC(C)(C)C(C)(C)O3)ccc21,Cn1ncc(-c2ccc3c(ccn3C(=O)OC(C)(C)C)c2)c1[B-]12OC(=O)C[N+]1(C)CC(=O)O2,Cn1ncc(Br)c1[B-]12OC(=O)C[N+]1(C)CC(=O)O2,C[Si](C)(c1ccc(Br)cc1)c1ccc(Br)cc1,Cn1ncc(-c2ccc3c(ccn3-c3cnccn3)c2)c1-c1ccc([Si](C)(C)c2ccc(-c3c(-c4ccc5c(ccn5-c5cnccn5)c4)cnn3C)cc2)cc1,Cn1ncc(-c2ccc3c(ccn3C(=O)OC(C)(C)C)c2)c1-c1ccc([Si](C)(C)c2ccc(-c3c(-c4ccc5c(ccn5C(=O)OC(C)(C)C)c4)cnn3C)cc2)cc1,Cn1ncc(-c2ccc3[nH]ccc3c2)c1-c1ccc([Si](C)(C)c2ccc(-c3c(-c4ccc5[nH]ccc5c4)cnn3C)cc2)cc1,Brc1nccnc1
512.0,CC(C)(C)OC(=O)n1ccc2cc(B3OC(C)(C)C(C)(C)O3)ccc21,Cn1ncc(-c2ccc3c(ccn3C(=O)OC(C)(C)C)c2)c1[B-]12OC(=O)C[N+]1(C)CC(=O)O2,Cn1ncc(Br)c1[B-]12OC(=O)C[N+]1(C)CC(=O)O2,Brc1ccc2nc3ccc(Br)cc3nc2c1,Cn1ncc(-c2ccc3c(ccn3-c3cnccn3)c2)c1-c1ccc2nc3ccc(-c4c(-c5ccc6c(ccn6-c6cnccn6)c5)cnn4C)cc3nc2c1,Cn1ncc(-c2ccc3c(ccn3C(=O)OC(C)(C)C)c2)c1-c1ccc2nc3ccc(-c4c(-c5ccc6c(ccn6C(=O)OC(C)(C)C)c5)cnn4C)cc3nc2c1,Cn1ncc(-c2ccc3[nH]ccc3c2)c1-c1ccc2nc3ccc(-c4c(-c5ccc6[nH]ccc6c5)cnn4C)cc3nc2c1,Brc1nccnc1
513.0,CC(C)(C)OC(=O)n1ccc2cc(B3OC(C)(C)C(C)(C)O3)ccc21,CC(C)(C)OC(=O)n1ccc2cc(-c3cccc([B-]45OC(=O)C[N+]4(C)CC(=O)O5)c3)ccc21,C[N+]12CC(=O)O[B-]1(c1cccc(Br)c1)OC(=O)C2,C[Si](C)(c1ccccc1Br)c1ccccc1Br,C[Si](C)(c1ccccc1-c1cccc(-c2ccc3c(ccn3-c3cnccn3)c2)c1)c1ccccc1-c1cccc(-c2ccc3c(ccn3-c3cnccn3)c2)c1,CC(C)(C)OC(=O)n1ccc2cc(-c3cccc(-c4ccccc4[Si](C)(C)c4ccccc4-c4cccc(-c5ccc6c(ccn6C(=O)OC(C)(C)C)c5)c4)c3)ccc21,C[Si](C)(c1ccccc1-c1cccc(-c2ccc3[nH]ccc3c2)c1)c1ccccc1-c1cccc(-c2ccc3[nH]ccc3c2)c1,Brc1nccnc1
514.0,CC(C)(C)OC(=O)n1ccc2cc(B3OC(C)(C)C(C)(C)O3)ccc21,CC(C)(C)OC(=O)n1ccc2cc(-c3cccc([B-]45OC(=O)C[N+]4(C)CC(=O)O5)c3)ccc21,C[N+]12CC(=O)O[B-]1(c1cccc(Br)c1)OC(=O)C2,Brc1ccc(Br)nc1,c1cc(-c2ccc(-c3cccc(-c4ccc5c(ccn5-c5cnccn5)c4)c3)nc2)cc(-c2ccc3c(ccn3-c3cnccn3)c2)c1,CC(C)(C)OC(=O)n1ccc2cc(-c3cccc(-c4ccc(-c5cccc(-c6ccc7c(ccn7C(=O)OC(C)(C)C)c6)c5)nc4)c3)ccc21,c1cc(-c2ccc(-c3cccc(-c4ccc5[nH]ccc5c4)c3)nc2)cc(-c2ccc3[nH]ccc3c2)c1,Brc1nccnc1
516.0,CC(C)(C)OC(=O)n1ccc2cc(B3OC(C)(C)C(C)(C)O3)ccc21,CC(C)(C)OC(=O)n1ccc2cc(-c3cccc([B-]45OC(=O)C[N+]4(C)CC(=O)O5)c3)ccc21,C[N+]12CC(=O)O[B-]1(c1cccc(Br)c1)OC(=O)C2,Brc1cc(Br)c2ccccc2c1,c1cc(-c2cc(-c3cccc(-c4ccc5c(ccn5-c5cnccn5)c4)c3)c3ccccc3c2)cc(-c2ccc3c(ccn3-c3cnccn3)c2)c1,CC(C)(C)OC(=O)n1ccc2cc(-c3cccc(-c4cc(-c5cccc(-c6ccc7c(ccn7C(=O)OC(C)(C)C)c6)c5)c5ccccc5c4)c3)ccc21,c1cc(-c2ccc3[nH]ccc3c2)cc(-c2cc(-c3cccc(-c4ccc5[nH]ccc5c4)c3)c3ccccc3c2)c1,Brc1nccnc1
517.0,CC(C)(C)OC(=O)n1ccc2cc(B3OC(C)(C)C(C)(C)O3)ccc21,CC(C)(C)OC(=O)n1ccc2cc(-c3cccc([B-]45OC(=O)C[N+]4(C)CC(=O)O5)c3)ccc21,C[N+]12CC(=O)O[B-]1(c1cccc(Br)c1)OC(=O)C2,Clc1cc(Br)sc1Br,Clc1cc(-c2cccc(-c3ccc4c(ccn4-c4cnccn4)c3)c2)sc1-c1cccc(-c2ccc3c(ccn3-c3cnccn3)c2)c1,CC(C)(C)OC(=O)n1ccc2cc(-c3cccc(-c4cc(Cl)c(-c5cccc(-c6ccc7c(ccn7C(=O)OC(C)(C)C)c6)c5)s4)c3)ccc21,Clc1cc(-c2cccc(-c3ccc4[nH]ccc4c3)c2)sc1-c1cccc(-c2ccc3[nH]ccc3c2)c1,Brc1nccnc1
518.0,CC(C)(C)OC(=O)n1ccc2cc(B3OC(C)(C)C(C)(C)O3)ccc21,CC(C)(C)OC(=O)n1ccc2cc(-c3cccc([B-]45OC(=O)C[N+]4(C)CC(=O)O5)c3)ccc21,C[N+]12CC(=O)O[B-]1(c1cccc(Br)c1)OC(=O)C2,Cc1nc2c(Br)c3nsnc3c(Br)c2nc1C,Cc1nc2c(-c3cccc(-c4ccc5c(ccn5-c5cnccn5)c4)c3)c3nsnc3c(-c3cccc(-c4ccc5c(ccn5-c5cnccn5)c4)c3)c2nc1C,Cc1nc2c(-c3cccc(-c4ccc5c(ccn5C(=O)OC(C)(C)C)c4)c3)c3nsnc3c(-c3cccc(-c4ccc5c(ccn5C(=O)OC(C)(C)C)c4)c3)c2nc1C,Cc1nc2c(-c3cccc(-c4ccc5[nH]ccc5c4)c3)c3nsnc3c(-c3cccc(-c4ccc5[nH]ccc5c4)c3)c2nc1C,Brc1nccnc1
519.0,CC(C)(C)OC(=O)n1ccc2cc(B3OC(C)(C)C(C)(C)O3)ccc21,CC(C)(C)OC(=O)n1ccc2cc(-c3cccc([B-]45OC(=O)C[N+]4(C)CC(=O)O5)c3)ccc21,C[N+]12CC(=O)O[B-]1(c1cccc(Br)c1)OC(=O)C2,Brc1ccccc1Oc1ccccc1Br,c1cc(-c2ccc3c(ccn3-c3cnccn3)c2)cc(-c2ccccc2Oc2ccccc2-c2cccc(-c3ccc4c(ccn4-c4cnccn4)c3)c2)c1,CC(C)(C)OC(=O)n1ccc2cc(-c3cccc(-c4ccccc4Oc4ccccc4-c4cccc(-c5ccc6c(ccn6C(=O)OC(C)(C)C)c5)c4)c3)ccc21,c1cc(-c2ccc3[nH]ccc3c2)cc(-c2ccccc2Oc2ccccc2-c2cccc(-c3ccc4[nH]ccc4c3)c2)c1,Brc1nccnc1
520.0,CC(C)(C)OC(=O)n1ccc2cc(B3OC(C)(C)C(C)(C)O3)ccc21,CC(C)(C)OC(=O)n1ccc2cc(-c3cccc([B-]45OC(=O)C[N+]4(C)CC(=O)O5)c3)ccc21,C[N+]12CC(=O)O[B-]1(c1cccc(Br)c1)OC(=O)C2,CC(C)(C)c1ccc2c(Br)c3ccccc3c(Br)c2c1,CC(C)(C)c1ccc2c(-c3cccc(-c4ccc5c(ccn5-c5cnccn5)c4)c3)c3ccccc3c(-c3cccc(-c4ccc5c(ccn5-c5cnccn5)c4)c3)c2c1,CC(C)(C)OC(=O)n1ccc2cc(-c3cccc(-c4c5ccccc5c(-c5cccc(-c6ccc7c(ccn7C(=O)OC(C)(C)C)c6)c5)c5cc(C(C)(C)C)ccc45)c3)ccc21,CC(C)(C)c1ccc2c(-c3cccc(-c4ccc5[nH]ccc5c4)c3)c3ccccc3c(-c3cccc(-c4ccc5[nH]ccc5c4)c3)c2c1,Brc1nccnc1
521.0,CC(C)(C)OC(=O)n1ccc2cc(B3OC(C)(C)C(C)(C)O3)ccc21,CC(C)(C)OC(=O)n1ccc2cc(-c3cccc([B-]45OC(=O)C[N+]4(C)CC(=O)O5)c3)ccc21,C[N+]12CC(=O)O[B-]1(c1cccc(Br)c1)OC(=O)C2,Fc1cc(Br)c(F)cc1Br,Fc1cc(-c2cccc(-c3ccc4c(ccn4-c4cnccn4)c3)c2)c(F)cc1-c1cccc(-c2ccc3c(ccn3-c3cnccn3)c2)c1,CC(C)(C)OC(=O)n1ccc2cc(-c3cccc(-c4cc(F)c(-c5cccc(-c6ccc7c(ccn7C(=O)OC(C)(C)C)c6)c5)cc4F)c3)ccc21,Fc1cc(-c2cccc(-c3ccc4[nH]ccc4c3)c2)c(F)cc1-c1cccc(-c2ccc3[nH]ccc3c2)c1,Brc1nccnc1
522.0,CC(C)(C)OC(=O)n1ccc2cc(B3OC(C)(C)C(C)(C)O3)ccc21,CC(C)(C)OC(=O)n1ccc2cc(-c3cccc([B-]45OC(=O)C[N+]4(C)CC(=O)O5)c3)ccc21,C[N+]12CC(=O)O[B-]1(c1cccc(Br)c1)OC(=O)C2,Brc1ccc2oc(Br)cc2c1,c1cc(-c2ccc3oc(-c4cccc(-c5ccc6c(ccn6-c6cnccn6)c5)c4)cc3c2)cc(-c2ccc3c(ccn3-c3cnccn3)c2)c1,CC(C)(C)OC(=O)n1ccc2cc(-c3cccc(-c4ccc5oc(-c6cccc(-c7ccc8c(ccn8C(=O)OC(C)(C)C)c7)c6)cc5c4)c3)ccc21,c1cc(-c2ccc3[nH]ccc3c2)cc(-c2ccc3oc(-c4cccc(-c5ccc6[nH]ccc6c5)c4)cc3c2)c1,Brc1nccnc1
523.0,CC(C)(C)OC(=O)n1ccc2cc(B3OC(C)(C)C(C)(C)O3)ccc21,CC(C)(C)OC(=O)n1ccc2cc(-c3cccc([B-]45OC(=O)C[N+]4(C)CC(=O)O5)c3)ccc21,C[N+]12CC(=O)O[B-]1(c1cccc(Br)c1)OC(=O)C2,Brc1ccc(Br)o1,c1cc(-c2ccc3c(ccn3-c3cnccn3)c2)cc(-c2ccc(-c3cccc(-c4ccc5c(ccn5-c5cnccn5)c4)c3)o2)c1,CC(C)(C)OC(=O)n1ccc2cc(-c3cccc(-c4ccc(-c5cccc(-c6ccc7c(ccn7C(=O)OC(C)(C)C)c6)c5)o4)c3)ccc21,c1cc(-c2ccc3[nH]ccc3c2)cc(-c2ccc(-c3cccc(-c4ccc5[nH]ccc5c4)c3)o2)c1,Brc1nccnc1
524.0,CC(C)(C)OC(=O)n1ccc2cc(B3OC(C)(C)C(C)(C)O3)ccc21,CC(C)(C)OC(=O)n1ccc2cc(-c3cccc([B-]45OC(=O)C[N+]4(C)CC(=O)O5)c3)ccc21,C[N+]12CC(=O)O[B-]1(c1cccc(Br)c1)OC(=O)C2,Brc1ccc2c(c1)C1(c3ccccc3-c3ccccc31)c1cc(Br)ccc1-2,c1cc(-c2ccc3c(c2)C2(c4ccccc4-c4ccccc42)c2cc(-c4cccc(-c5ccc6c(ccn6-c6cnccn6)c5)c4)ccc2-3)cc(-c2ccc3c(ccn3-c3cnccn3)c2)c1,CC(C)(C)OC(=O)n1ccc2cc(-c3cccc(-c4ccc5c(c4)C4(c6ccccc6-c6ccccc64)c4cc(-c6cccc(-c7ccc8c(ccn8C(=O)OC(C)(C)C)c7)c6)ccc4-5)c3)ccc21,c1cc(-c2ccc3c(c2)C2(c4ccccc4-c4ccccc42)c2cc(-c4cccc(-c5ccc6[nH]ccc6c5)c4)ccc2-3)cc(-c2ccc3[nH]ccc3c2)c1,Brc1nccnc1
525.0,CC(C)(C)OC(=O)n1ccc2cc(B3OC(C)(C)C(C)(C)O3)ccc21,CC(C)(C)OC(=O)n1ccc2cc(-c3cccc([B-]45OC(=O)C[N+]4(C)CC(=O)O5)c3)ccc21,C[N+]12CC(=O)O[B-]1(c1cccc(Br)c1)OC(=O)C2,Clc1cc(Cl)c(Br)cc1Br,Clc1cc(Cl)c(-c2cccc(-c3ccc4c(ccn4-c4cnccn4)c3)c2)cc1-c1cccc(-c2ccc3c(ccn3-c3cnccn3)c2)c1,CC(C)(C)OC(=O)n1ccc2cc(-c3cccc(-c4cc(-c5cccc(-c6ccc7c(ccn7C(=O)OC(C)(C)C)c6)c5)c(Cl)cc4Cl)c3)ccc21,Clc1cc(Cl)c(-c2cccc(-c3ccc4[nH]ccc4c3)c2)cc1-c1cccc(-c2ccc3[nH]ccc3c2)c1,Brc1nccnc1
526.0,CC(C)(C)OC(=O)n1ccc2cc(B3OC(C)(C)C(C)(C)O3)ccc21,CC(C)(C)OC(=O)n1ccc2cc(-c3cccc([B-]45OC(=O)C[N+]4(C)CC(=O)O5)c3)ccc21,C[N+]12CC(=O)O[B-]1(c1cccc(Br)c1)OC(=O)C2,Brc1cnc2nc(Br)ccc2c1,c1cc(-c2cnc3nc(-c4cccc(-c5ccc6c(ccn6-c6cnccn6)c5)c4)ccc3c2)cc(-c2ccc3c(ccn3-c3cnccn3)c2)c1,CC(C)(C)OC(=O)n1ccc2cc(-c3cccc(-c4cnc5nc(-c6cccc(-c7ccc8c(ccn8C(=O)OC(C)(C)C)c7)c6)ccc5c4)c3)ccc21,c1cc(-c2cnc3nc(-c4cccc(-c5ccc6[nH]ccc6c5)c4)ccc3c2)cc(-c2ccc3[nH]ccc3c2)c1,Brc1nccnc1
527.0,CC(C)(C)OC(=O)n1ccc2cc(B3OC(C)(C)C(C)(C)O3)ccc21,CC(C)(C)OC(=O)n1ccc2cc(-c3cccc([B-]45OC(=O)C[N+]4(C)CC(=O)O5)c3)ccc21,C[N+]12CC(=O)O[B-]1(c1cccc(Br)c1)OC(=O)C2,Brc1cccc2cccc(Br)c12,c1cc(-c2ccc3c(ccn3-c3cnccn3)c2)cc(-c2cccc3cccc(-c4cccc(-c5ccc6c(ccn6-c6cnccn6)c5)c4)c23)c1,CC(C)(C)OC(=O)n1ccc2cc(-c3cccc(-c4cccc5cccc(-c6cccc(-c7ccc8c(ccn8C(=O)OC(C)(C)C)c7)c6)c45)c3)ccc21,c1cc(-c2ccc3[nH]ccc3c2)cc(-c2cccc3cccc(-c4cccc(-c5ccc6[nH]ccc6c5)c4)c23)c1,Brc1nccnc1
528.0,CC(C)(C)OC(=O)n1ccc2cc(B3OC(C)(C)C(C)(C)O3)ccc21,CC(C)(C)OC(=O)n1ccc2cc(-c3cccc([B-]45OC(=O)C[N+]4(C)CC(=O)O5)c3)ccc21,C[N+]12CC(=O)O[B-]1(c1cccc(Br)c1)OC(=O)C2,CCCCC(CC)CC1(CC(CC)CCCC)c2cc(I)ccc2-c2ccc(I)cc21,CCCCC(CC)CC1(CC(CC)CCCC)c2cc(-c3cccc(-c4ccc5c(ccn5-c5cnccn5)c4)c3)ccc2-c2ccc(-c3cccc(-c4ccc5c(ccn5-c5cnccn5)c4)c3)cc21,CCCCC(CC)CC1(CC(CC)CCCC)c2cc(-c3cccc(-c4ccc5c(ccn5C(=O)OC(C)(C)C)c4)c3)ccc2-c2ccc(-c3cccc(-c4ccc5c(ccn5C(=O)OC(C)(C)C)c4)c3)cc21,CCCCC(CC)CC1(CC(CC)CCCC)c2cc(-c3cccc(-c4ccc5[nH]ccc5c4)c3)ccc2-c2ccc(-c3cccc(-c4ccc5[nH]ccc5c4)c3)cc21,Brc1nccnc1
529.0,CC(C)(C)OC(=O)n1ccc2cc(B3OC(C)(C)C(C)(C)O3)ccc21,CC(C)(C)OC(=O)n1ccc2cc(-c3cccc([B-]45OC(=O)C[N+]4(C)CC(=O)O5)c3)ccc21,C[N+]12CC(=O)O[B-]1(c1cccc(Br)c1)OC(=O)C2,Fc1c(F)c(Br)c2nsnc2c1Br,Fc1c(F)c(-c2cccc(-c3ccc4c(ccn4-c4cnccn4)c3)c2)c2nsnc2c1-c1cccc(-c2ccc3c(ccn3-c3cnccn3)c2)c1,CC(C)(C)OC(=O)n1ccc2cc(-c3cccc(-c4c(F)c(F)c(-c5cccc(-c6ccc7c(ccn7C(=O)OC(C)(C)C)c6)c5)c5nsnc45)c3)ccc21,Fc1c(F)c(-c2cccc(-c3ccc4[nH]ccc4c3)c2)c2nsnc2c1-c1cccc(-c2ccc3[nH]ccc3c2)c1,Brc1nccnc1
530.0,CC(C)(C)OC(=O)n1ccc2cc(B3OC(C)(C)C(C)(C)O3)ccc21,CC(C)(C)OC(=O)n1ccc2cc(-c3cccc([B-]45OC(=O)C[N+]4(C)CC(=O)O5)c3)ccc21,C[N+]12CC(=O)O[B-]1(c1cccc(Br)c1)OC(=O)C2,C[Si](C)(c1ccc(Br)cc1)c1ccc(Br)cc1,C[Si](C)(c1ccc(-c2cccc(-c3ccc4c(ccn4-c4cnccn4)c3)c2)cc1)c1ccc(-c2cccc(-c3ccc4c(ccn4-c4cnccn4)c3)c2)cc1,CC(C)(C)OC(=O)n1ccc2cc(-c3cccc(-c4ccc([Si](C)(C)c5ccc(-c6cccc(-c7ccc8c(ccn8C(=O)OC(C)(C)C)c7)c6)cc5)cc4)c3)ccc21,C[Si](C)(c1ccc(-c2cccc(-c3ccc4[nH]ccc4c3)c2)cc1)c1ccc(-c2cccc(-c3ccc4[nH]ccc4c3)c2)cc1,Brc1nccnc1
531.0,CC(C)(C)OC(=O)n1ccc2cc(B3OC(C)(C)C(C)(C)O3)ccc21,CC(C)(C)OC(=O)n1ccc2cc(-c3cccc([B-]45OC(=O)C[N+]4(C)CC(=O)O5)c3)ccc21,C[N+]12CC(=O)O[B-]1(c1cccc(Br)c1)OC(=O)C2,Brc1ccc2nc3ccc(Br)cc3nc2c1,c1cc(-c2ccc3c(ccn3-c3cnccn3)c2)cc(-c2ccc3nc4ccc(-c5cccc(-c6ccc7c(ccn7-c7cnccn7)c6)c5)cc4nc3c2)c1,CC(C)(C)OC(=O)n1ccc2cc(-c3cccc(-c4ccc5nc6ccc(-c7cccc(-c8ccc9c(ccn9C(=O)OC(C)(C)C)c8)c7)cc6nc5c4)c3)ccc21,c1cc(-c2ccc3[nH]ccc3c2)cc(-c2ccc3nc4ccc(-c5cccc(-c6ccc7[nH]ccc7c6)c5)cc4nc3c2)c1,Brc1nccnc1
532.0,CC(C)(C)OC(=O)n1ccc2cc(B3OC(C)(C)C(C)(C)O3)ccc21,CC(C)(C)OC(=O)n1ccc2cc(-c3ccc([B-]45OC(=O)C[N+]4(C)CC(=O)O5)s3)ccc21,C[N+]12CC(=O)O[B-]1(c1ccc(Br)s1)OC(=O)C2,C[Si](C)(c1ccccc1Br)c1ccccc1Br,C[Si](C)(c1ccccc1-c1ccc(-c2ccc3c(ccn3-c3cnccn3)c2)s1)c1ccccc1-c1ccc(-c2ccc3c(ccn3-c3cnccn3)c2)s1,CC(C)(C)OC(=O)n1ccc2cc(-c3ccc(-c4ccccc4[Si](C)(C)c4ccccc4-c4ccc(-c5ccc6c(ccn6C(=O)OC(C)(C)C)c5)s4)s3)ccc21,C[Si](C)(c1ccccc1-c1ccc(-c2ccc3[nH]ccc3c2)s1)c1ccccc1-c1ccc(-c2ccc3[nH]ccc3c2)s1,Brc1nccnc1
533.0,CC(C)(C)OC(=O)n1ccc2cc(B3OC(C)(C)C(C)(C)O3)ccc21,CC(C)(C)OC(=O)n1ccc2cc(-c3ccc([B-]45OC(=O)C[N+]4(C)CC(=O)O5)s3)ccc21,C[N+]12CC(=O)O[B-]1(c1ccc(Br)s1)OC(=O)C2,Brc1ccc(Br)nc1,c1cnc(-n2ccc3cc(-c4ccc(-c5ccc(-c6ccc(-c7ccc8c(ccn8-c8cnccn8)c7)s6)nc5)s4)ccc32)cn1,CC(C)(C)OC(=O)n1ccc2cc(-c3ccc(-c4ccc(-c5ccc(-c6ccc7c(ccn7C(=O)OC(C)(C)C)c6)s5)nc4)s3)ccc21,c1cc2cc(-c3ccc(-c4ccc(-c5ccc(-c6ccc7[nH]ccc7c6)s5)nc4)s3)ccc2[nH]1,Brc1nccnc1
535.0,CC(C)(C)OC(=O)n1ccc2cc(B3OC(C)(C)C(C)(C)O3)ccc21,CC(C)(C)OC(=O)n1ccc2cc(-c3ccc([B-]45OC(=O)C[N+]4(C)CC(=O)O5)s3)ccc21,C[N+]12CC(=O)O[B-]1(c1ccc(Br)s1)OC(=O)C2,Brc1cc(Br)c2ccccc2c1,c1ccc2c(-c3ccc(-c4ccc5c(ccn5-c5cnccn5)c4)s3)cc(-c3ccc(-c4ccc5c(ccn5-c5cnccn5)c4)s3)cc2c1,CC(C)(C)OC(=O)n1ccc2cc(-c3ccc(-c4cc(-c5ccc(-c6ccc7c(ccn7C(=O)OC(C)(C)C)c6)s5)c5ccccc5c4)s3)ccc21,c1ccc2c(-c3ccc(-c4ccc5[nH]ccc5c4)s3)cc(-c3ccc(-c4ccc5[nH]ccc5c4)s3)cc2c1,Brc1nccnc1
536.0,CC(C)(C)OC(=O)n1ccc2cc(B3OC(C)(C)C(C)(C)O3)ccc21,CC(C)(C)OC(=O)n1ccc2cc(-c3ccc([B-]45OC(=O)C[N+]4(C)CC(=O)O5)s3)ccc21,C[N+]12CC(=O)O[B-]1(c1ccc(Br)s1)OC(=O)C2,Clc1cc(Br)sc1Br,Clc1cc(-c2ccc(-c3ccc4c(ccn4-c4cnccn4)c3)s2)sc1-c1ccc(-c2ccc3c(ccn3-c3cnccn3)c2)s1,CC(C)(C)OC(=O)n1ccc2cc(-c3ccc(-c4cc(Cl)c(-c5ccc(-c6ccc7c(ccn7C(=O)OC(C)(C)C)c6)s5)s4)s3)ccc21,Clc1cc(-c2ccc(-c3ccc4[nH]ccc4c3)s2)sc1-c1ccc(-c2ccc3[nH]ccc3c2)s1,Brc1nccnc1
537.0,CC(C)(C)OC(=O)n1ccc2cc(B3OC(C)(C)C(C)(C)O3)ccc21,CC(C)(C)OC(=O)n1ccc2cc(-c3ccc([B-]45OC(=O)C[N+]4(C)CC(=O)O5)s3)ccc21,C[N+]12CC(=O)O[B-]1(c1ccc(Br)s1)OC(=O)C2,Cc1nc2c(Br)c3nsnc3c(Br)c2nc1C,Cc1nc2c(-c3ccc(-c4ccc5c(ccn5-c5cnccn5)c4)s3)c3nsnc3c(-c3ccc(-c4ccc5c(ccn5-c5cnccn5)c4)s3)c2nc1C,Cc1nc2c(-c3ccc(-c4ccc5c(ccn5C(=O)OC(C)(C)C)c4)s3)c3nsnc3c(-c3ccc(-c4ccc5c(ccn5C(=O)OC(C)(C)C)c4)s3)c2nc1C,Cc1nc2c(-c3ccc(-c4ccc5[nH]ccc5c4)s3)c3nsnc3c(-c3ccc(-c4ccc5[nH]ccc5c4)s3)c2nc1C,Brc1nccnc1
538.0,CC(C)(C)OC(=O)n1ccc2cc(B3OC(C)(C)C(C)(C)O3)ccc21,CC(C)(C)OC(=O)n1ccc2cc(-c3ccc([B-]45OC(=O)C[N+]4(C)CC(=O)O5)s3)ccc21,C[N+]12CC(=O)O[B-]1(c1ccc(Br)s1)OC(=O)C2,Brc1ccccc1Oc1ccccc1Br,c1ccc(-c2ccc(-c3ccc4c(ccn4-c4cnccn4)c3)s2)c(Oc2ccccc2-c2ccc(-c3ccc4c(ccn4-c4cnccn4)c3)s2)c1,CC(C)(C)OC(=O)n1ccc2cc(-c3ccc(-c4ccccc4Oc4ccccc4-c4ccc(-c5ccc6c(ccn6C(=O)OC(C)(C)C)c5)s4)s3)ccc21,c1ccc(-c2ccc(-c3ccc4[nH]ccc4c3)s2)c(Oc2ccccc2-c2ccc(-c3ccc4[nH]ccc4c3)s2)c1,Brc1nccnc1
539.0,CC(C)(C)OC(=O)n1ccc2cc(B3OC(C)(C)C(C)(C)O3)ccc21,CC(C)(C)OC(=O)n1ccc2cc(-c3ccc([B-]45OC(=O)C[N+]4(C)CC(=O)O5)s3)ccc21,C[N+]12CC(=O)O[B-]1(c1ccc(Br)s1)OC(=O)C2,CC(C)(C)c1ccc2c(Br)c3ccccc3c(Br)c2c1,CC(C)(C)c1ccc2c(-c3ccc(-c4ccc5c(ccn5-c5cnccn5)c4)s3)c3ccccc3c(-c3ccc(-c4ccc5c(ccn5-c5cnccn5)c4)s3)c2c1,CC(C)(C)OC(=O)n1ccc2cc(-c3ccc(-c4c5ccccc5c(-c5ccc(-c6ccc7c(ccn7C(=O)OC(C)(C)C)c6)s5)c5cc(C(C)(C)C)ccc45)s3)ccc21,CC(C)(C)c1ccc2c(-c3ccc(-c4ccc5[nH]ccc5c4)s3)c3ccccc3c(-c3ccc(-c4ccc5[nH]ccc5c4)s3)c2c1,Brc1nccnc1
540.0,CC(C)(C)OC(=O)n1ccc2cc(B3OC(C)(C)C(C)(C)O3)ccc21,CC(C)(C)OC(=O)n1ccc2cc(-c3ccc([B-]45OC(=O)C[N+]4(C)CC(=O)O5)s3)ccc21,C[N+]12CC(=O)O[B-]1(c1ccc(Br)s1)OC(=O)C2,Fc1cc(Br)c(F)cc1Br,Fc1cc(-c2ccc(-c3ccc4c(ccn4-c4cnccn4)c3)s2)c(F)cc1-c1ccc(-c2ccc3c(ccn3-c3cnccn3)c2)s1,CC(C)(C)OC(=O)n1ccc2cc(-c3ccc(-c4cc(F)c(-c5ccc(-c6ccc7c(ccn7C(=O)OC(C)(C)C)c6)s5)cc4F)s3)ccc21,Fc1cc(-c2ccc(-c3ccc4[nH]ccc4c3)s2)c(F)cc1-c1ccc(-c2ccc3[nH]ccc3c2)s1,Brc1nccnc1
541.0,CC(C)(C)OC(=O)n1ccc2cc(B3OC(C)(C)C(C)(C)O3)ccc21,CC(C)(C)OC(=O)n1ccc2cc(-c3ccc([B-]45OC(=O)C[N+]4(C)CC(=O)O5)s3)ccc21,C[N+]12CC(=O)O[B-]1(c1ccc(Br)s1)OC(=O)C2,Brc1ccc2oc(Br)cc2c1,c1cnc(-n2ccc3cc(-c4ccc(-c5ccc6oc(-c7ccc(-c8ccc9c(ccn9-c9cnccn9)c8)s7)cc6c5)s4)ccc32)cn1,CC(C)(C)OC(=O)n1ccc2cc(-c3ccc(-c4ccc5oc(-c6ccc(-c7ccc8c(ccn8C(=O)OC(C)(C)C)c7)s6)cc5c4)s3)ccc21,c1cc2cc(-c3ccc(-c4ccc5oc(-c6ccc(-c7ccc8[nH]ccc8c7)s6)cc5c4)s3)ccc2[nH]1,Brc1nccnc1
542.0,CC(C)(C)OC(=O)n1ccc2cc(B3OC(C)(C)C(C)(C)O3)ccc21,CC(C)(C)OC(=O)n1ccc2cc(-c3ccc([B-]45OC(=O)C[N+]4(C)CC(=O)O5)s3)ccc21,C[N+]12CC(=O)O[B-]1(c1ccc(Br)s1)OC(=O)C2,Brc1ccc(Br)o1,c1cnc(-n2ccc3cc(-c4ccc(-c5ccc(-c6ccc(-c7ccc8c(ccn8-c8cnccn8)c7)s6)o5)s4)ccc32)cn1,CC(C)(C)OC(=O)n1ccc2cc(-c3ccc(-c4ccc(-c5ccc(-c6ccc7c(ccn7C(=O)OC(C)(C)C)c6)s5)o4)s3)ccc21,c1cc2cc(-c3ccc(-c4ccc(-c5ccc(-c6ccc7[nH]ccc7c6)s5)o4)s3)ccc2[nH]1,Brc1nccnc1
543.0,CC(C)(C)OC(=O)n1ccc2cc(B3OC(C)(C)C(C)(C)O3)ccc21,CC(C)(C)OC(=O)n1ccc2cc(-c3ccc([B-]45OC(=O)C[N+]4(C)CC(=O)O5)s3)ccc21,C[N+]12CC(=O)O[B-]1(c1ccc(Br)s1)OC(=O)C2,Brc1ccc2c(c1)C1(c3ccccc3-c3ccccc31)c1cc(Br)ccc1-2,c1ccc2c(c1)-c1ccccc1C21c2cc(-c3ccc(-c4ccc5c(ccn5-c5cnccn5)c4)s3)ccc2-c2ccc(-c3ccc(-c4ccc5c(ccn5-c5cnccn5)c4)s3)cc21,CC(C)(C)OC(=O)n1ccc2cc(-c3ccc(-c4ccc5c(c4)C4(c6ccccc6-c6ccccc64)c4cc(-c6ccc(-c7ccc8c(ccn8C(=O)OC(C)(C)C)c7)s6)ccc4-5)s3)ccc21,c1ccc2c(c1)-c1ccccc1C21c2cc(-c3ccc(-c4ccc5[nH]ccc5c4)s3)ccc2-c2ccc(-c3ccc(-c4ccc5[nH]ccc5c4)s3)cc21,Brc1nccnc1
544.0,CC(C)(C)OC(=O)n1ccc2cc(B3OC(C)(C)C(C)(C)O3)ccc21,CC(C)(C)OC(=O)n1ccc2cc(-c3ccc([B-]45OC(=O)C[N+]4(C)CC(=O)O5)s3)ccc21,C[N+]12CC(=O)O[B-]1(c1ccc(Br)s1)OC(=O)C2,Clc1cc(Cl)c(Br)cc1Br,Clc1cc(Cl)c(-c2ccc(-c3ccc4c(ccn4-c4cnccn4)c3)s2)cc1-c1ccc(-c2ccc3c(ccn3-c3cnccn3)c2)s1,CC(C)(C)OC(=O)n1ccc2cc(-c3ccc(-c4cc(-c5ccc(-c6ccc7c(ccn7C(=O)OC(C)(C)C)c6)s5)c(Cl)cc4Cl)s3)ccc21,Clc1cc(Cl)c(-c2ccc(-c3ccc4[nH]ccc4c3)s2)cc1-c1ccc(-c2ccc3[nH]ccc3c2)s1,Brc1nccnc1
545.0,CC(C)(C)OC(=O)n1ccc2cc(B3OC(C)(C)C(C)(C)O3)ccc21,CC(C)(C)OC(=O)n1ccc2cc(-c3ccc([B-]45OC(=O)C[N+]4(C)CC(=O)O5)s3)ccc21,C[N+]12CC(=O)O[B-]1(c1ccc(Br)s1)OC(=O)C2,Brc1cnc2nc(Br)ccc2c1,c1cnc(-n2ccc3cc(-c4ccc(-c5cnc6nc(-c7ccc(-c8ccc9c(ccn9-c9cnccn9)c8)s7)ccc6c5)s4)ccc32)cn1,CC(C)(C)OC(=O)n1ccc2cc(-c3ccc(-c4cnc5nc(-c6ccc(-c7ccc8c(ccn8C(=O)OC(C)(C)C)c7)s6)ccc5c4)s3)ccc21,c1cc2cc(-c3ccc(-c4cnc5nc(-c6ccc(-c7ccc8[nH]ccc8c7)s6)ccc5c4)s3)ccc2[nH]1,Brc1nccnc1
546.0,CC(C)(C)OC(=O)n1ccc2cc(B3OC(C)(C)C(C)(C)O3)ccc21,CC(C)(C)OC(=O)n1ccc2cc(-c3ccc([B-]45OC(=O)C[N+]4(C)CC(=O)O5)s3)ccc21,C[N+]12CC(=O)O[B-]1(c1ccc(Br)s1)OC(=O)C2,Brc1cccc2cccc(Br)c12,c1cc(-c2ccc(-c3ccc4c(ccn4-c4cnccn4)c3)s2)c2c(-c3ccc(-c4ccc5c(ccn5-c5cnccn5)c4)s3)cccc2c1,CC(C)(C)OC(=O)n1ccc2cc(-c3ccc(-c4cccc5cccc(-c6ccc(-c7ccc8c(ccn8C(=O)OC(C)(C)C)c7)s6)c45)s3)ccc21,c1cc(-c2ccc(-c3ccc4[nH]ccc4c3)s2)c2c(-c3ccc(-c4ccc5[nH]ccc5c4)s3)cccc2c1,Brc1nccnc1
547.0,CC(C)(C)OC(=O)n1ccc2cc(B3OC(C)(C)C(C)(C)O3)ccc21,CC(C)(C)OC(=O)n1ccc2cc(-c3ccc([B-]45OC(=O)C[N+]4(C)CC(=O)O5)s3)ccc21,C[N+]12CC(=O)O[B-]1(c1ccc(Br)s1)OC(=O)C2,CCCCC(CC)CC1(CC(CC)CCCC)c2cc(I)ccc2-c2ccc(I)cc21,CCCCC(CC)CC1(CC(CC)CCCC)c2cc(-c3ccc(-c4ccc5c(ccn5-c5cnccn5)c4)s3)ccc2-c2ccc(-c3ccc(-c4ccc5c(ccn5-c5cnccn5)c4)s3)cc21,CCCCC(CC)CC1(CC(CC)CCCC)c2cc(-c3ccc(-c4ccc5c(ccn5C(=O)OC(C)(C)C)c4)s3)ccc2-c2ccc(-c3ccc(-c4ccc5c(ccn5C(=O)OC(C)(C)C)c4)s3)cc21,CCCCC(CC)CC1(CC(CC)CCCC)c2cc(-c3ccc(-c4ccc5[nH]ccc5c4)s3)ccc2-c2ccc(-c3ccc(-c4ccc5[nH]ccc5c4)s3)cc21,Brc1nccnc1
548.0,CC(C)(C)OC(=O)n1ccc2cc(B3OC(C)(C)C(C)(C)O3)ccc21,CC(C)(C)OC(=O)n1ccc2cc(-c3ccc([B-]45OC(=O)C[N+]4(C)CC(=O)O5)s3)ccc21,C[N+]12CC(=O)O[B-]1(c1ccc(Br)s1)OC(=O)C2,Fc1c(F)c(Br)c2nsnc2c1Br,Fc1c(F)c(-c2ccc(-c3ccc4c(ccn4-c4cnccn4)c3)s2)c2nsnc2c1-c1ccc(-c2ccc3c(ccn3-c3cnccn3)c2)s1,CC(C)(C)OC(=O)n1ccc2cc(-c3ccc(-c4c(F)c(F)c(-c5ccc(-c6ccc7c(ccn7C(=O)OC(C)(C)C)c6)s5)c5nsnc45)s3)ccc21,Fc1c(F)c(-c2ccc(-c3ccc4[nH]ccc4c3)s2)c2nsnc2c1-c1ccc(-c2ccc3[nH]ccc3c2)s1,Brc1nccnc1
549.0,CC(C)(C)OC(=O)n1ccc2cc(B3OC(C)(C)C(C)(C)O3)ccc21,CC(C)(C)OC(=O)n1ccc2cc(-c3ccc([B-]45OC(=O)C[N+]4(C)CC(=O)O5)s3)ccc21,C[N+]12CC(=O)O[B-]1(c1ccc(Br)s1)OC(=O)C2,C[Si](C)(c1ccc(Br)cc1)c1ccc(Br)cc1,C[Si](C)(c1ccc(-c2ccc(-c3ccc4c(ccn4-c4cnccn4)c3)s2)cc1)c1ccc(-c2ccc(-c3ccc4c(ccn4-c4cnccn4)c3)s2)cc1,CC(C)(C)OC(=O)n1ccc2cc(-c3ccc(-c4ccc([Si](C)(C)c5ccc(-c6ccc(-c7ccc8c(ccn8C(=O)OC(C)(C)C)c7)s6)cc5)cc4)s3)ccc21,C[Si](C)(c1ccc(-c2ccc(-c3ccc4[nH]ccc4c3)s2)cc1)c1ccc(-c2ccc(-c3ccc4[nH]ccc4c3)s2)cc1,Brc1nccnc1
550.0,CC(C)(C)OC(=O)n1ccc2cc(B3OC(C)(C)C(C)(C)O3)ccc21,CC(C)(C)OC(=O)n1ccc2cc(-c3ccc([B-]45OC(=O)C[N+]4(C)CC(=O)O5)s3)ccc21,C[N+]12CC(=O)O[B-]1(c1ccc(Br)s1)OC(=O)C2,Brc1ccc2nc3ccc(Br)cc3nc2c1,c1cnc(-n2ccc3cc(-c4ccc(-c5ccc6nc7ccc(-c8ccc(-c9ccc%10c(ccn%10-c%10cnccn%10)c9)s8)cc7nc6c5)s4)ccc32)cn1,CC(C)(C)OC(=O)n1ccc2cc(-c3ccc(-c4ccc5nc6ccc(-c7ccc(-c8ccc9c(ccn9C(=O)OC(C)(C)C)c8)s7)cc6nc5c4)s3)ccc21,c1cc2cc(-c3ccc(-c4ccc5nc6ccc(-c7ccc(-c8ccc9[nH]ccc9c8)s7)cc6nc5c4)s3)ccc2[nH]1,Brc1nccnc1
551.0,CC(C)(C)OC(=O)n1ccc2cc(B3OC(C)(C)C(C)(C)O3)ccc21,CC(C)(C)OC(=O)n1ccc2cc(-c3ccccc3[B-]34OC(=O)C[N+]3(C)CC(=O)O4)ccc21,C[N+]12CC(=O)O[B-]1(c1ccccc1Br)OC(=O)C2,C[Si](C)(c1ccccc1Br)c1ccccc1Br,C[Si](C)(c1ccccc1-c1ccccc1-c1ccc2c(ccn2-c2cnccn2)c1)c1ccccc1-c1ccccc1-c1ccc2c(ccn2-c2cnccn2)c1,CC(C)(C)OC(=O)n1ccc2cc(-c3ccccc3-c3ccccc3[Si](C)(C)c3ccccc3-c3ccccc3-c3ccc4c(ccn4C(=O)OC(C)(C)C)c3)ccc21,C[Si](C)(c1ccccc1-c1ccccc1-c1ccc2[nH]ccc2c1)c1ccccc1-c1ccccc1-c1ccc2[nH]ccc2c1,Brc1nccnc1
552.0,CC(C)(C)OC(=O)n1ccc2cc(B3OC(C)(C)C(C)(C)O3)ccc21,CC(C)(C)OC(=O)n1ccc2cc(-c3ccccc3[B-]34OC(=O)C[N+]3(C)CC(=O)O4)ccc21,C[N+]12CC(=O)O[B-]1(c1ccccc1Br)OC(=O)C2,Brc1ccc(Br)nc1,c1ccc(-c2ccc3c(ccn3-c3cnccn3)c2)c(-c2ccc(-c3ccccc3-c3ccc4c(ccn4-c4cnccn4)c3)nc2)c1,CC(C)(C)OC(=O)n1ccc2cc(-c3ccccc3-c3ccc(-c4ccccc4-c4ccc5c(ccn5C(=O)OC(C)(C)C)c4)nc3)ccc21,c1ccc(-c2ccc3[nH]ccc3c2)c(-c2ccc(-c3ccccc3-c3ccc4[nH]ccc4c3)nc2)c1,Brc1nccnc1
554.0,CC(C)(C)OC(=O)n1ccc2cc(B3OC(C)(C)C(C)(C)O3)ccc21,CC(C)(C)OC(=O)n1ccc2cc(-c3ccccc3[B-]34OC(=O)C[N+]3(C)CC(=O)O4)ccc21,C[N+]12CC(=O)O[B-]1(c1ccccc1Br)OC(=O)C2,Brc1cc(Br)c2ccccc2c1,c1ccc(-c2ccc3c(ccn3-c3cnccn3)c2)c(-c2cc(-c3ccccc3-c3ccc4c(ccn4-c4cnccn4)c3)c3ccccc3c2)c1,CC(C)(C)OC(=O)n1ccc2cc(-c3ccccc3-c3cc(-c4ccccc4-c4ccc5c(ccn5C(=O)OC(C)(C)C)c4)c4ccccc4c3)ccc21,c1ccc(-c2cc(-c3ccccc3-c3ccc4[nH]ccc4c3)c3ccccc3c2)c(-c2ccc3[nH]ccc3c2)c1,Brc1nccnc1
555.0,CC(C)(C)OC(=O)n1ccc2cc(B3OC(C)(C)C(C)(C)O3)ccc21,CC(C)(C)OC(=O)n1ccc2cc(-c3ccccc3[B-]34OC(=O)C[N+]3(C)CC(=O)O4)ccc21,C[N+]12CC(=O)O[B-]1(c1ccccc1Br)OC(=O)C2,Clc1cc(Br)sc1Br,Clc1cc(-c2ccccc2-c2ccc3c(ccn3-c3cnccn3)c2)sc1-c1ccccc1-c1ccc2c(ccn2-c2cnccn2)c1,CC(C)(C)OC(=O)n1ccc2cc(-c3ccccc3-c3cc(Cl)c(-c4ccccc4-c4ccc5c(ccn5C(=O)OC(C)(C)C)c4)s3)ccc21,Clc1cc(-c2ccccc2-c2ccc3[nH]ccc3c2)sc1-c1ccccc1-c1ccc2[nH]ccc2c1,Brc1nccnc1
556.0,CC(C)(C)OC(=O)n1ccc2cc(B3OC(C)(C)C(C)(C)O3)ccc21,CC(C)(C)OC(=O)n1ccc2cc(-c3ccccc3[B-]34OC(=O)C[N+]3(C)CC(=O)O4)ccc21,C[N+]12CC(=O)O[B-]1(c1ccccc1Br)OC(=O)C2,Cc1nc2c(Br)c3nsnc3c(Br)c2nc1C,Cc1nc2c(-c3ccccc3-c3ccc4c(ccn4-c4cnccn4)c3)c3nsnc3c(-c3ccccc3-c3ccc4c(ccn4-c4cnccn4)c3)c2nc1C,Cc1nc2c(-c3ccccc3-c3ccc4c(ccn4C(=O)OC(C)(C)C)c3)c3nsnc3c(-c3ccccc3-c3ccc4c(ccn4C(=O)OC(C)(C)C)c3)c2nc1C,Cc1nc2c(-c3ccccc3-c3ccc4[nH]ccc4c3)c3nsnc3c(-c3ccccc3-c3ccc4[nH]ccc4c3)c2nc1C,Brc1nccnc1
557.0,CC(C)(C)OC(=O)n1ccc2cc(B3OC(C)(C)C(C)(C)O3)ccc21,CC(C)(C)OC(=O)n1ccc2cc(-c3ccccc3[B-]34OC(=O)C[N+]3(C)CC(=O)O4)ccc21,C[N+]12CC(=O)O[B-]1(c1ccccc1Br)OC(=O)C2,Brc1ccccc1Oc1ccccc1Br,c1ccc(-c2ccccc2-c2ccc3c(ccn3-c3cnccn3)c2)c(Oc2ccccc2-c2ccccc2-c2ccc3c(ccn3-c3cnccn3)c2)c1,CC(C)(C)OC(=O)n1ccc2cc(-c3ccccc3-c3ccccc3Oc3ccccc3-c3ccccc3-c3ccc4c(ccn4C(=O)OC(C)(C)C)c3)ccc21,c1ccc(-c2ccccc2-c2ccc3[nH]ccc3c2)c(Oc2ccccc2-c2ccccc2-c2ccc3[nH]ccc3c2)c1,Brc1nccnc1
558.0,CC(C)(C)OC(=O)n1ccc2cc(B3OC(C)(C)C(C)(C)O3)ccc21,CC(C)(C)OC(=O)n1ccc2cc(-c3ccccc3[B-]34OC(=O)C[N+]3(C)CC(=O)O4)ccc21,C[N+]12CC(=O)O[B-]1(c1ccccc1Br)OC(=O)C2,CC(C)(C)c1ccc2c(Br)c3ccccc3c(Br)c2c1,CC(C)(C)c1ccc2c(-c3ccccc3-c3ccc4c(ccn4-c4cnccn4)c3)c3ccccc3c(-c3ccccc3-c3ccc4c(ccn4-c4cnccn4)c3)c2c1,CC(C)(C)OC(=O)n1ccc2cc(-c3ccccc3-c3c4ccccc4c(-c4ccccc4-c4ccc5c(ccn5C(=O)OC(C)(C)C)c4)c4cc(C(C)(C)C)ccc34)ccc21,CC(C)(C)c1ccc2c(-c3ccccc3-c3ccc4[nH]ccc4c3)c3ccccc3c(-c3ccccc3-c3ccc4[nH]ccc4c3)c2c1,Brc1nccnc1
559.0,CC(C)(C)OC(=O)n1ccc2cc(B3OC(C)(C)C(C)(C)O3)ccc21,CC(C)(C)OC(=O)n1ccc2cc(-c3ccccc3[B-]34OC(=O)C[N+]3(C)CC(=O)O4)ccc21,C[N+]12CC(=O)O[B-]1(c1ccccc1Br)OC(=O)C2,Fc1cc(Br)c(F)cc1Br,Fc1cc(-c2ccccc2-c2ccc3c(ccn3-c3cnccn3)c2)c(F)cc1-c1ccccc1-c1ccc2c(ccn2-c2cnccn2)c1,CC(C)(C)OC(=O)n1ccc2cc(-c3ccccc3-c3cc(F)c(-c4ccccc4-c4ccc5c(ccn5C(=O)OC(C)(C)C)c4)cc3F)ccc21,Fc1cc(-c2ccccc2-c2ccc3[nH]ccc3c2)c(F)cc1-c1ccccc1-c1ccc2[nH]ccc2c1,Brc1nccnc1
560.0,CC(C)(C)OC(=O)n1ccc2cc(B3OC(C)(C)C(C)(C)O3)ccc21,CC(C)(C)OC(=O)n1ccc2cc(-c3ccccc3[B-]34OC(=O)C[N+]3(C)CC(=O)O4)ccc21,C[N+]12CC(=O)O[B-]1(c1ccccc1Br)OC(=O)C2,Brc1ccc2oc(Br)cc2c1,c1ccc(-c2ccc3c(ccn3-c3cnccn3)c2)c(-c2ccc3oc(-c4ccccc4-c4ccc5c(ccn5-c5cnccn5)c4)cc3c2)c1,CC(C)(C)OC(=O)n1ccc2cc(-c3ccccc3-c3ccc4oc(-c5ccccc5-c5ccc6c(ccn6C(=O)OC(C)(C)C)c5)cc4c3)ccc21,c1ccc(-c2ccc3oc(-c4ccccc4-c4ccc5[nH]ccc5c4)cc3c2)c(-c2ccc3[nH]ccc3c2)c1,Brc1nccnc1
561.0,CC(C)(C)OC(=O)n1ccc2cc(B3OC(C)(C)C(C)(C)O3)ccc21,CC(C)(C)OC(=O)n1ccc2cc(-c3ccccc3[B-]34OC(=O)C[N+]3(C)CC(=O)O4)ccc21,C[N+]12CC(=O)O[B-]1(c1ccccc1Br)OC(=O)C2,Brc1ccc(Br)o1,c1ccc(-c2ccc(-c3ccccc3-c3ccc4c(ccn4-c4cnccn4)c3)o2)c(-c2ccc3c(ccn3-c3cnccn3)c2)c1,CC(C)(C)OC(=O)n1ccc2cc(-c3ccccc3-c3ccc(-c4ccccc4-c4ccc5c(ccn5C(=O)OC(C)(C)C)c4)o3)ccc21,c1ccc(-c2ccc(-c3ccccc3-c3ccc4[nH]ccc4c3)o2)c(-c2ccc3[nH]ccc3c2)c1,Brc1nccnc1
562.0,CC(C)(C)OC(=O)n1ccc2cc(B3OC(C)(C)C(C)(C)O3)ccc21,CC(C)(C)OC(=O)n1ccc2cc(-c3ccccc3[B-]34OC(=O)C[N+]3(C)CC(=O)O4)ccc21,C[N+]12CC(=O)O[B-]1(c1ccccc1Br)OC(=O)C2,Brc1ccc2c(c1)C1(c3ccccc3-c3ccccc31)c1cc(Br)ccc1-2,c1ccc(-c2ccc3c(ccn3-c3cnccn3)c2)c(-c2ccc3c(c2)C2(c4ccccc4-c4ccccc42)c2cc(-c4ccccc4-c4ccc5c(ccn5-c5cnccn5)c4)ccc2-3)c1,CC(C)(C)OC(=O)n1ccc2cc(-c3ccccc3-c3ccc4c(c3)C3(c5ccccc5-c5ccccc53)c3cc(-c5ccccc5-c5ccc6c(ccn6C(=O)OC(C)(C)C)c5)ccc3-4)ccc21,c1ccc(-c2ccc3[nH]ccc3c2)c(-c2ccc3c(c2)C2(c4ccccc4-c4ccccc42)c2cc(-c4ccccc4-c4ccc5[nH]ccc5c4)ccc2-3)c1,Brc1nccnc1
563.0,CC(C)(C)OC(=O)n1ccc2cc(B3OC(C)(C)C(C)(C)O3)ccc21,CC(C)(C)OC(=O)n1ccc2cc(-c3ccccc3[B-]34OC(=O)C[N+]3(C)CC(=O)O4)ccc21,C[N+]12CC(=O)O[B-]1(c1ccccc1Br)OC(=O)C2,Clc1cc(Cl)c(Br)cc1Br,Clc1cc(Cl)c(-c2ccccc2-c2ccc3c(ccn3-c3cnccn3)c2)cc1-c1ccccc1-c1ccc2c(ccn2-c2cnccn2)c1,CC(C)(C)OC(=O)n1ccc2cc(-c3ccccc3-c3cc(-c4ccccc4-c4ccc5c(ccn5C(=O)OC(C)(C)C)c4)c(Cl)cc3Cl)ccc21,Clc1cc(Cl)c(-c2ccccc2-c2ccc3[nH]ccc3c2)cc1-c1ccccc1-c1ccc2[nH]ccc2c1,Brc1nccnc1
564.0,CC(C)(C)OC(=O)n1ccc2cc(B3OC(C)(C)C(C)(C)O3)ccc21,CC(C)(C)OC(=O)n1ccc2cc(-c3ccccc3[B-]34OC(=O)C[N+]3(C)CC(=O)O4)ccc21,C[N+]12CC(=O)O[B-]1(c1ccccc1Br)OC(=O)C2,Brc1cnc2nc(Br)ccc2c1,c1ccc(-c2ccc3c(ccn3-c3cnccn3)c2)c(-c2cnc3nc(-c4ccccc4-c4ccc5c(ccn5-c5cnccn5)c4)ccc3c2)c1,CC(C)(C)OC(=O)n1ccc2cc(-c3ccccc3-c3cnc4nc(-c5ccccc5-c5ccc6c(ccn6C(=O)OC(C)(C)C)c5)ccc4c3)ccc21,c1ccc(-c2ccc3[nH]ccc3c2)c(-c2cnc3nc(-c4ccccc4-c4ccc5[nH]ccc5c4)ccc3c2)c1,Brc1nccnc1
565.0,CC(C)(C)OC(=O)n1ccc2cc(B3OC(C)(C)C(C)(C)O3)ccc21,CC(C)(C)OC(=O)n1ccc2cc(-c3ccccc3[B-]34OC(=O)C[N+]3(C)CC(=O)O4)ccc21,C[N+]12CC(=O)O[B-]1(c1ccccc1Br)OC(=O)C2,Brc1cccc2cccc(Br)c12,c1ccc(-c2cccc3cccc(-c4ccccc4-c4ccc5c(ccn5-c5cnccn5)c4)c23)c(-c2ccc3c(ccn3-c3cnccn3)c2)c1,CC(C)(C)OC(=O)n1ccc2cc(-c3ccccc3-c3cccc4cccc(-c5ccccc5-c5ccc6c(ccn6C(=O)OC(C)(C)C)c5)c34)ccc21,c1ccc(-c2cccc3cccc(-c4ccccc4-c4ccc5[nH]ccc5c4)c23)c(-c2ccc3[nH]ccc3c2)c1,Brc1nccnc1
566.0,CC(C)(C)OC(=O)n1ccc2cc(B3OC(C)(C)C(C)(C)O3)ccc21,CC(C)(C)OC(=O)n1ccc2cc(-c3ccccc3[B-]34OC(=O)C[N+]3(C)CC(=O)O4)ccc21,C[N+]12CC(=O)O[B-]1(c1ccccc1Br)OC(=O)C2,CCCCC(CC)CC1(CC(CC)CCCC)c2cc(I)ccc2-c2ccc(I)cc21,CCCCC(CC)CC1(CC(CC)CCCC)c2cc(-c3ccccc3-c3ccc4c(ccn4-c4cnccn4)c3)ccc2-c2ccc(-c3ccccc3-c3ccc4c(ccn4-c4cnccn4)c3)cc21,CCCCC(CC)CC1(CC(CC)CCCC)c2cc(-c3ccccc3-c3ccc4c(ccn4C(=O)OC(C)(C)C)c3)ccc2-c2ccc(-c3ccccc3-c3ccc4c(ccn4C(=O)OC(C)(C)C)c3)cc21,CCCCC(CC)CC1(CC(CC)CCCC)c2cc(-c3ccccc3-c3ccc4[nH]ccc4c3)ccc2-c2ccc(-c3ccccc3-c3ccc4[nH]ccc4c3)cc21,Brc1nccnc1
567.0,CC(C)(C)OC(=O)n1ccc2cc(B3OC(C)(C)C(C)(C)O3)ccc21,CC(C)(C)OC(=O)n1ccc2cc(-c3ccccc3[B-]34OC(=O)C[N+]3(C)CC(=O)O4)ccc21,C[N+]12CC(=O)O[B-]1(c1ccccc1Br)OC(=O)C2,Fc1c(F)c(Br)c2nsnc2c1Br,Fc1c(F)c(-c2ccccc2-c2ccc3c(ccn3-c3cnccn3)c2)c2nsnc2c1-c1ccccc1-c1ccc2c(ccn2-c2cnccn2)c1,CC(C)(C)OC(=O)n1ccc2cc(-c3ccccc3-c3c(F)c(F)c(-c4ccccc4-c4ccc5c(ccn5C(=O)OC(C)(C)C)c4)c4nsnc34)ccc21,Fc1c(F)c(-c2ccccc2-c2ccc3[nH]ccc3c2)c2nsnc2c1-c1ccccc1-c1ccc2[nH]ccc2c1,Brc1nccnc1
568.0,CC(C)(C)OC(=O)n1ccc2cc(B3OC(C)(C)C(C)(C)O3)ccc21,CC(C)(C)OC(=O)n1ccc2cc(-c3ccccc3[B-]34OC(=O)C[N+]3(C)CC(=O)O4)ccc21,C[N+]12CC(=O)O[B-]1(c1ccccc1Br)OC(=O)C2,C[Si](C)(c1ccc(Br)cc1)c1ccc(Br)cc1,C[Si](C)(c1ccc(-c2ccccc2-c2ccc3c(ccn3-c3cnccn3)c2)cc1)c1ccc(-c2ccccc2-c2ccc3c(ccn3-c3cnccn3)c2)cc1,CC(C)(C)OC(=O)n1ccc2cc(-c3ccccc3-c3ccc([Si](C)(C)c4ccc(-c5ccccc5-c5ccc6c(ccn6C(=O)OC(C)(C)C)c5)cc4)cc3)ccc21,C[Si](C)(c1ccc(-c2ccccc2-c2ccc3[nH]ccc3c2)cc1)c1ccc(-c2ccccc2-c2ccc3[nH]ccc3c2)cc1,Brc1nccnc1
569.0,CC(C)(C)OC(=O)n1ccc2cc(B3OC(C)(C)C(C)(C)O3)ccc21,CC(C)(C)OC(=O)n1ccc2cc(-c3ccccc3[B-]34OC(=O)C[N+]3(C)CC(=O)O4)ccc21,C[N+]12CC(=O)O[B-]1(c1ccccc1Br)OC(=O)C2,Brc1ccc2nc3ccc(Br)cc3nc2c1,c1ccc(-c2ccc3nc4ccc(-c5ccccc5-c5ccc6c(ccn6-c6cnccn6)c5)cc4nc3c2)c(-c2ccc3c(ccn3-c3cnccn3)c2)c1,CC(C)(C)OC(=O)n1ccc2cc(-c3ccccc3-c3ccc4nc5ccc(-c6ccccc6-c6ccc7c(ccn7C(=O)OC(C)(C)C)c6)cc5nc4c3)ccc21,c1ccc(-c2ccc3nc4ccc(-c5ccccc5-c5ccc6[nH]ccc6c5)cc4nc3c2)c(-c2ccc3[nH]ccc3c2)c1,Brc1nccnc1
570.0,CC(C)(C)OC(=O)n1ccc2cc(B3OC(C)(C)C(C)(C)O3)ccc21,CC(C)(C)OC(=O)n1ccc2cc(-c3ccc4oc([B-]56OC(=O)C[N+]5(C)CC(=O)O6)cc4c3)ccc21,C[N+]12CC(=O)O[B-]1(c1cc3cc(Br)ccc3o1)OC(=O)C2,C[Si](C)(c1ccccc1Br)c1ccccc1Br,C[Si](C)(c1ccccc1-c1cc2cc(-c3ccc4c(ccn4-c4cnccn4)c3)ccc2o1)c1ccccc1-c1cc2cc(-c3ccc4c(ccn4-c4cnccn4)c3)ccc2o1,CC(C)(C)OC(=O)n1ccc2cc(-c3ccc4oc(-c5ccccc5[Si](C)(C)c5ccccc5-c5cc6cc(-c7ccc8c(ccn8C(=O)OC(C)(C)C)c7)ccc6o5)cc4c3)ccc21,C[Si](C)(c1ccccc1-c1cc2cc(-c3ccc4[nH]ccc4c3)ccc2o1)c1ccccc1-c1cc2cc(-c3ccc4[nH]ccc4c3)ccc2o1,Brc1nccnc1
571.0,CC(C)(C)OC(=O)n1ccc2cc(B3OC(C)(C)C(C)(C)O3)ccc21,CC(C)(C)OC(=O)n1ccc2cc(-c3ccc4oc([B-]56OC(=O)C[N+]5(C)CC(=O)O6)cc4c3)ccc21,C[N+]12CC(=O)O[B-]1(c1cc3cc(Br)ccc3o1)OC(=O)C2,Brc1ccc(Br)nc1,c1cnc(-n2ccc3cc(-c4ccc5oc(-c6ccc(-c7cc8cc(-c9ccc%10c(ccn%10-c%10cnccn%10)c9)ccc8o7)nc6)cc5c4)ccc32)cn1,CC(C)(C)OC(=O)n1ccc2cc(-c3ccc4oc(-c5ccc(-c6cc7cc(-c8ccc9c(ccn9C(=O)OC(C)(C)C)c8)ccc7o6)nc5)cc4c3)ccc21,c1cc2cc(-c3ccc4oc(-c5ccc(-c6cc7cc(-c8ccc9[nH]ccc9c8)ccc7o6)nc5)cc4c3)ccc2[nH]1,Brc1nccnc1
573.0,CC(C)(C)OC(=O)n1ccc2cc(B3OC(C)(C)C(C)(C)O3)ccc21,CC(C)(C)OC(=O)n1ccc2cc(-c3ccc4oc([B-]56OC(=O)C[N+]5(C)CC(=O)O6)cc4c3)ccc21,C[N+]12CC(=O)O[B-]1(c1cc3cc(Br)ccc3o1)OC(=O)C2,Brc1cc(Br)c2ccccc2c1,c1ccc2c(-c3cc4cc(-c5ccc6c(ccn6-c6cnccn6)c5)ccc4o3)cc(-c3cc4cc(-c5ccc6c(ccn6-c6cnccn6)c5)ccc4o3)cc2c1,CC(C)(C)OC(=O)n1ccc2cc(-c3ccc4oc(-c5cc(-c6cc7cc(-c8ccc9c(ccn9C(=O)OC(C)(C)C)c8)ccc7o6)c6ccccc6c5)cc4c3)ccc21,c1ccc2c(-c3cc4cc(-c5ccc6[nH]ccc6c5)ccc4o3)cc(-c3cc4cc(-c5ccc6[nH]ccc6c5)ccc4o3)cc2c1,Brc1nccnc1
574.0,CC(C)(C)OC(=O)n1ccc2cc(B3OC(C)(C)C(C)(C)O3)ccc21,CC(C)(C)OC(=O)n1ccc2cc(-c3ccc4oc([B-]56OC(=O)C[N+]5(C)CC(=O)O6)cc4c3)ccc21,C[N+]12CC(=O)O[B-]1(c1cc3cc(Br)ccc3o1)OC(=O)C2,Clc1cc(Br)sc1Br,Clc1cc(-c2cc3cc(-c4ccc5c(ccn5-c5cnccn5)c4)ccc3o2)sc1-c1cc2cc(-c3ccc4c(ccn4-c4cnccn4)c3)ccc2o1,CC(C)(C)OC(=O)n1ccc2cc(-c3ccc4oc(-c5cc(Cl)c(-c6cc7cc(-c8ccc9c(ccn9C(=O)OC(C)(C)C)c8)ccc7o6)s5)cc4c3)ccc21,Clc1cc(-c2cc3cc(-c4ccc5[nH]ccc5c4)ccc3o2)sc1-c1cc2cc(-c3ccc4[nH]ccc4c3)ccc2o1,Brc1nccnc1
575.0,CC(C)(C)OC(=O)n1ccc2cc(B3OC(C)(C)C(C)(C)O3)ccc21,CC(C)(C)OC(=O)n1ccc2cc(-c3ccc4oc([B-]56OC(=O)C[N+]5(C)CC(=O)O6)cc4c3)ccc21,C[N+]12CC(=O)O[B-]1(c1cc3cc(Br)ccc3o1)OC(=O)C2,Cc1nc2c(Br)c3nsnc3c(Br)c2nc1C,Cc1nc2c(-c3cc4cc(-c5ccc6c(ccn6-c6cnccn6)c5)ccc4o3)c3nsnc3c(-c3cc4cc(-c5ccc6c(ccn6-c6cnccn6)c5)ccc4o3)c2nc1C,Cc1nc2c(-c3cc4cc(-c5ccc6c(ccn6C(=O)OC(C)(C)C)c5)ccc4o3)c3nsnc3c(-c3cc4cc(-c5ccc6c(ccn6C(=O)OC(C)(C)C)c5)ccc4o3)c2nc1C,Cc1nc2c(-c3cc4cc(-c5ccc6[nH]ccc6c5)ccc4o3)c3nsnc3c(-c3cc4cc(-c5ccc6[nH]ccc6c5)ccc4o3)c2nc1C,Brc1nccnc1
576.0,CC(C)(C)OC(=O)n1ccc2cc(B3OC(C)(C)C(C)(C)O3)ccc21,CC(C)(C)OC(=O)n1ccc2cc(-c3ccc4oc([B-]56OC(=O)C[N+]5(C)CC(=O)O6)cc4c3)ccc21,C[N+]12CC(=O)O[B-]1(c1cc3cc(Br)ccc3o1)OC(=O)C2,Brc1ccccc1Oc1ccccc1Br,c1ccc(-c2cc3cc(-c4ccc5c(ccn5-c5cnccn5)c4)ccc3o2)c(Oc2ccccc2-c2cc3cc(-c4ccc5c(ccn5-c5cnccn5)c4)ccc3o2)c1,CC(C)(C)OC(=O)n1ccc2cc(-c3ccc4oc(-c5ccccc5Oc5ccccc5-c5cc6cc(-c7ccc8c(ccn8C(=O)OC(C)(C)C)c7)ccc6o5)cc4c3)ccc21,c1ccc(-c2cc3cc(-c4ccc5[nH]ccc5c4)ccc3o2)c(Oc2ccccc2-c2cc3cc(-c4ccc5[nH]ccc5c4)ccc3o2)c1,Brc1nccnc1
577.0,CC(C)(C)OC(=O)n1ccc2cc(B3OC(C)(C)C(C)(C)O3)ccc21,CC(C)(C)OC(=O)n1ccc2cc(-c3ccc4oc([B-]56OC(=O)C[N+]5(C)CC(=O)O6)cc4c3)ccc21,C[N+]12CC(=O)O[B-]1(c1cc3cc(Br)ccc3o1)OC(=O)C2,CC(C)(C)c1ccc2c(Br)c3ccccc3c(Br)c2c1,CC(C)(C)c1ccc2c(-c3cc4cc(-c5ccc6c(ccn6-c6cnccn6)c5)ccc4o3)c3ccccc3c(-c3cc4cc(-c5ccc6c(ccn6-c6cnccn6)c5)ccc4o3)c2c1,CC(C)(C)OC(=O)n1ccc2cc(-c3ccc4oc(-c5c6ccccc6c(-c6cc7cc(-c8ccc9c(ccn9C(=O)OC(C)(C)C)c8)ccc7o6)c6cc(C(C)(C)C)ccc56)cc4c3)ccc21,CC(C)(C)c1ccc2c(-c3cc4cc(-c5ccc6[nH]ccc6c5)ccc4o3)c3ccccc3c(-c3cc4cc(-c5ccc6[nH]ccc6c5)ccc4o3)c2c1,Brc1nccnc1
578.0,CC(C)(C)OC(=O)n1ccc2cc(B3OC(C)(C)C(C)(C)O3)ccc21,CC(C)(C)OC(=O)n1ccc2cc(-c3ccc4oc([B-]56OC(=O)C[N+]5(C)CC(=O)O6)cc4c3)ccc21,C[N+]12CC(=O)O[B-]1(c1cc3cc(Br)ccc3o1)OC(=O)C2,Fc1cc(Br)c(F)cc1Br,Fc1cc(-c2cc3cc(-c4ccc5c(ccn5-c5cnccn5)c4)ccc3o2)c(F)cc1-c1cc2cc(-c3ccc4c(ccn4-c4cnccn4)c3)ccc2o1,CC(C)(C)OC(=O)n1ccc2cc(-c3ccc4oc(-c5cc(F)c(-c6cc7cc(-c8ccc9c(ccn9C(=O)OC(C)(C)C)c8)ccc7o6)cc5F)cc4c3)ccc21,Fc1cc(-c2cc3cc(-c4ccc5[nH]ccc5c4)ccc3o2)c(F)cc1-c1cc2cc(-c3ccc4[nH]ccc4c3)ccc2o1,Brc1nccnc1
579.0,CC(C)(C)OC(=O)n1ccc2cc(B3OC(C)(C)C(C)(C)O3)ccc21,CC(C)(C)OC(=O)n1ccc2cc(-c3ccc4oc([B-]56OC(=O)C[N+]5(C)CC(=O)O6)cc4c3)ccc21,C[N+]12CC(=O)O[B-]1(c1cc3cc(Br)ccc3o1)OC(=O)C2,Brc1ccc2oc(Br)cc2c1,c1cnc(-n2ccc3cc(-c4ccc5oc(-c6ccc7oc(-c8cc9cc(-c%10ccc%11c(ccn%11-c%11cnccn%11)c%10)ccc9o8)cc7c6)cc5c4)ccc32)cn1,CC(C)(C)OC(=O)n1ccc2cc(-c3ccc4oc(-c5ccc6oc(-c7cc8cc(-c9ccc%10c(ccn%10C(=O)OC(C)(C)C)c9)ccc8o7)cc6c5)cc4c3)ccc21,c1cc2cc(-c3ccc4oc(-c5ccc6oc(-c7cc8cc(-c9ccc%10[nH]ccc%10c9)ccc8o7)cc6c5)cc4c3)ccc2[nH]1,Brc1nccnc1
580.0,CC(C)(C)OC(=O)n1ccc2cc(B3OC(C)(C)C(C)(C)O3)ccc21,CC(C)(C)OC(=O)n1ccc2cc(-c3ccc4oc([B-]56OC(=O)C[N+]5(C)CC(=O)O6)cc4c3)ccc21,C[N+]12CC(=O)O[B-]1(c1cc3cc(Br)ccc3o1)OC(=O)C2,Brc1ccc(Br)o1,c1cnc(-n2ccc3cc(-c4ccc5oc(-c6ccc(-c7cc8cc(-c9ccc%10c(ccn%10-c%10cnccn%10)c9)ccc8o7)o6)cc5c4)ccc32)cn1,CC(C)(C)OC(=O)n1ccc2cc(-c3ccc4oc(-c5ccc(-c6cc7cc(-c8ccc9c(ccn9C(=O)OC(C)(C)C)c8)ccc7o6)o5)cc4c3)ccc21,c1cc2cc(-c3ccc4oc(-c5ccc(-c6cc7cc(-c8ccc9[nH]ccc9c8)ccc7o6)o5)cc4c3)ccc2[nH]1,Brc1nccnc1
581.0,CC(C)(C)OC(=O)n1ccc2cc(B3OC(C)(C)C(C)(C)O3)ccc21,CC(C)(C)OC(=O)n1ccc2cc(-c3ccc4oc([B-]56OC(=O)C[N+]5(C)CC(=O)O6)cc4c3)ccc21,C[N+]12CC(=O)O[B-]1(c1cc3cc(Br)ccc3o1)OC(=O)C2,Brc1ccc2c(c1)C1(c3ccccc3-c3ccccc31)c1cc(Br)ccc1-2,c1ccc2c(c1)-c1ccccc1C21c2cc(-c3cc4cc(-c5ccc6c(ccn6-c6cnccn6)c5)ccc4o3)ccc2-c2ccc(-c3cc4cc(-c5ccc6c(ccn6-c6cnccn6)c5)ccc4o3)cc21,CC(C)(C)OC(=O)n1ccc2cc(-c3ccc4oc(-c5ccc6c(c5)C5(c7ccccc7-c7ccccc75)c5cc(-c7cc8cc(-c9ccc%10c(ccn%10C(=O)OC(C)(C)C)c9)ccc8o7)ccc5-6)cc4c3)ccc21,c1ccc2c(c1)-c1ccccc1C21c2cc(-c3cc4cc(-c5ccc6[nH]ccc6c5)ccc4o3)ccc2-c2ccc(-c3cc4cc(-c5ccc6[nH]ccc6c5)ccc4o3)cc21,Brc1nccnc1
582.0,CC(C)(C)OC(=O)n1ccc2cc(B3OC(C)(C)C(C)(C)O3)ccc21,CC(C)(C)OC(=O)n1ccc2cc(-c3ccc4oc([B-]56OC(=O)C[N+]5(C)CC(=O)O6)cc4c3)ccc21,C[N+]12CC(=O)O[B-]1(c1cc3cc(Br)ccc3o1)OC(=O)C2,Clc1cc(Cl)c(Br)cc1Br,Clc1cc(Cl)c(-c2cc3cc(-c4ccc5c(ccn5-c5cnccn5)c4)ccc3o2)cc1-c1cc2cc(-c3ccc4c(ccn4-c4cnccn4)c3)ccc2o1,CC(C)(C)OC(=O)n1ccc2cc(-c3ccc4oc(-c5cc(-c6cc7cc(-c8ccc9c(ccn9C(=O)OC(C)(C)C)c8)ccc7o6)c(Cl)cc5Cl)cc4c3)ccc21,Clc1cc(Cl)c(-c2cc3cc(-c4ccc5[nH]ccc5c4)ccc3o2)cc1-c1cc2cc(-c3ccc4[nH]ccc4c3)ccc2o1,Brc1nccnc1
583.0,CC(C)(C)OC(=O)n1ccc2cc(B3OC(C)(C)C(C)(C)O3)ccc21,CC(C)(C)OC(=O)n1ccc2cc(-c3ccc4oc([B-]56OC(=O)C[N+]5(C)CC(=O)O6)cc4c3)ccc21,C[N+]12CC(=O)O[B-]1(c1cc3cc(Br)ccc3o1)OC(=O)C2,Brc1cnc2nc(Br)ccc2c1,c1cnc(-n2ccc3cc(-c4ccc5oc(-c6cnc7nc(-c8cc9cc(-c%10ccc%11c(ccn%11-c%11cnccn%11)c%10)ccc9o8)ccc7c6)cc5c4)ccc32)cn1,CC(C)(C)OC(=O)n1ccc2cc(-c3ccc4oc(-c5cnc6nc(-c7cc8cc(-c9ccc%10c(ccn%10C(=O)OC(C)(C)C)c9)ccc8o7)ccc6c5)cc4c3)ccc21,c1cc2cc(-c3ccc4oc(-c5cnc6nc(-c7cc8cc(-c9ccc%10[nH]ccc%10c9)ccc8o7)ccc6c5)cc4c3)ccc2[nH]1,Brc1nccnc1
584.0,CC(C)(C)OC(=O)n1ccc2cc(B3OC(C)(C)C(C)(C)O3)ccc21,CC(C)(C)OC(=O)n1ccc2cc(-c3ccc4oc([B-]56OC(=O)C[N+]5(C)CC(=O)O6)cc4c3)ccc21,C[N+]12CC(=O)O[B-]1(c1cc3cc(Br)ccc3o1)OC(=O)C2,Brc1cccc2cccc(Br)c12,c1cc(-c2cc3cc(-c4ccc5c(ccn5-c5cnccn5)c4)ccc3o2)c2c(-c3cc4cc(-c5ccc6c(ccn6-c6cnccn6)c5)ccc4o3)cccc2c1,CC(C)(C)OC(=O)n1ccc2cc(-c3ccc4oc(-c5cccc6cccc(-c7cc8cc(-c9ccc%10c(ccn%10C(=O)OC(C)(C)C)c9)ccc8o7)c56)cc4c3)ccc21,c1cc(-c2cc3cc(-c4ccc5[nH]ccc5c4)ccc3o2)c2c(-c3cc4cc(-c5ccc6[nH]ccc6c5)ccc4o3)cccc2c1,Brc1nccnc1
585.0,CC(C)(C)OC(=O)n1ccc2cc(B3OC(C)(C)C(C)(C)O3)ccc21,CC(C)(C)OC(=O)n1ccc2cc(-c3ccc4oc([B-]56OC(=O)C[N+]5(C)CC(=O)O6)cc4c3)ccc21,C[N+]12CC(=O)O[B-]1(c1cc3cc(Br)ccc3o1)OC(=O)C2,CCCCC(CC)CC1(CC(CC)CCCC)c2cc(I)ccc2-c2ccc(I)cc21,CCCCC(CC)CC1(CC(CC)CCCC)c2cc(-c3cc4cc(-c5ccc6c(ccn6-c6cnccn6)c5)ccc4o3)ccc2-c2ccc(-c3cc4cc(-c5ccc6c(ccn6-c6cnccn6)c5)ccc4o3)cc21,CCCCC(CC)CC1(CC(CC)CCCC)c2cc(-c3cc4cc(-c5ccc6c(ccn6C(=O)OC(C)(C)C)c5)ccc4o3)ccc2-c2ccc(-c3cc4cc(-c5ccc6c(ccn6C(=O)OC(C)(C)C)c5)ccc4o3)cc21,CCCCC(CC)CC1(CC(CC)CCCC)c2cc(-c3cc4cc(-c5ccc6[nH]ccc6c5)ccc4o3)ccc2-c2ccc(-c3cc4cc(-c5ccc6[nH]ccc6c5)ccc4o3)cc21,Brc1nccnc1
586.0,CC(C)(C)OC(=O)n1ccc2cc(B3OC(C)(C)C(C)(C)O3)ccc21,CC(C)(C)OC(=O)n1ccc2cc(-c3ccc4oc([B-]56OC(=O)C[N+]5(C)CC(=O)O6)cc4c3)ccc21,C[N+]12CC(=O)O[B-]1(c1cc3cc(Br)ccc3o1)OC(=O)C2,Fc1c(F)c(Br)c2nsnc2c1Br,Fc1c(F)c(-c2cc3cc(-c4ccc5c(ccn5-c5cnccn5)c4)ccc3o2)c2nsnc2c1-c1cc2cc(-c3ccc4c(ccn4-c4cnccn4)c3)ccc2o1,CC(C)(C)OC(=O)n1ccc2cc(-c3ccc4oc(-c5c(F)c(F)c(-c6cc7cc(-c8ccc9c(ccn9C(=O)OC(C)(C)C)c8)ccc7o6)c6nsnc56)cc4c3)ccc21,Fc1c(F)c(-c2cc3cc(-c4ccc5[nH]ccc5c4)ccc3o2)c2nsnc2c1-c1cc2cc(-c3ccc4[nH]ccc4c3)ccc2o1,Brc1nccnc1
587.0,CC(C)(C)OC(=O)n1ccc2cc(B3OC(C)(C)C(C)(C)O3)ccc21,CC(C)(C)OC(=O)n1ccc2cc(-c3ccc4oc([B-]56OC(=O)C[N+]5(C)CC(=O)O6)cc4c3)ccc21,C[N+]12CC(=O)O[B-]1(c1cc3cc(Br)ccc3o1)OC(=O)C2,C[Si](C)(c1ccc(Br)cc1)c1ccc(Br)cc1,C[Si](C)(c1ccc(-c2cc3cc(-c4ccc5c(ccn5-c5cnccn5)c4)ccc3o2)cc1)c1ccc(-c2cc3cc(-c4ccc5c(ccn5-c5cnccn5)c4)ccc3o2)cc1,CC(C)(C)OC(=O)n1ccc2cc(-c3ccc4oc(-c5ccc([Si](C)(C)c6ccc(-c7cc8cc(-c9ccc%10c(ccn%10C(=O)OC(C)(C)C)c9)ccc8o7)cc6)cc5)cc4c3)ccc21,C[Si](C)(c1ccc(-c2cc3cc(-c4ccc5[nH]ccc5c4)ccc3o2)cc1)c1ccc(-c2cc3cc(-c4ccc5[nH]ccc5c4)ccc3o2)cc1,Brc1nccnc1
588.0,CC(C)(C)OC(=O)n1ccc2cc(B3OC(C)(C)C(C)(C)O3)ccc21,CC(C)(C)OC(=O)n1ccc2cc(-c3ccc4oc([B-]56OC(=O)C[N+]5(C)CC(=O)O6)cc4c3)ccc21,C[N+]12CC(=O)O[B-]1(c1cc3cc(Br)ccc3o1)OC(=O)C2,Brc1ccc2nc3ccc(Br)cc3nc2c1,c1cnc(-n2ccc3cc(-c4ccc5oc(-c6ccc7nc8ccc(-c9cc%10cc(-c%11ccc%12c(ccn%12-c%12cnccn%12)c%11)ccc%10o9)cc8nc7c6)cc5c4)ccc32)cn1,CC(C)(C)OC(=O)n1ccc2cc(-c3ccc4oc(-c5ccc6nc7ccc(-c8cc9cc(-c%10ccc%11c(ccn%11C(=O)OC(C)(C)C)c%10)ccc9o8)cc7nc6c5)cc4c3)ccc21,c1cc2cc(-c3ccc4oc(-c5ccc6nc7ccc(-c8cc9cc(-c%10ccc%11[nH]ccc%11c%10)ccc9o8)cc7nc6c5)cc4c3)ccc2[nH]1,Brc1nccnc1
608.0,CC(C)(C)OC(=O)n1ccc2cc(B3OC(C)(C)C(C)(C)O3)ccc21,CC(C)(C)OC(=O)n1ccc2cc(-c3ccsc3[B-]34OC(=O)C[N+]3(C)CC(=O)O4)ccc21,C[N+]12CC(=O)O[B-]1(c1sccc1Br)OC(=O)C2,C[Si](C)(c1ccccc1Br)c1ccccc1Br,C[Si](C)(c1ccccc1-c1sccc1-c1ccc2c(ccn2-c2cnccn2)c1)c1ccccc1-c1sccc1-c1ccc2c(ccn2-c2cnccn2)c1,CC(C)(C)OC(=O)n1ccc2cc(-c3ccsc3-c3ccccc3[Si](C)(C)c3ccccc3-c3sccc3-c3ccc4c(ccn4C(=O)OC(C)(C)C)c3)ccc21,C[Si](C)(c1ccccc1-c1sccc1-c1ccc2[nH]ccc2c1)c1ccccc1-c1sccc1-c1ccc2[nH]ccc2c1,Brc1nccnc1
609.0,CC(C)(C)OC(=O)n1ccc2cc(B3OC(C)(C)C(C)(C)O3)ccc21,CC(C)(C)OC(=O)n1ccc2cc(-c3ccsc3[B-]34OC(=O)C[N+]3(C)CC(=O)O4)ccc21,C[N+]12CC(=O)O[B-]1(c1sccc1Br)OC(=O)C2,Brc1ccc(Br)nc1,c1cnc(-n2ccc3cc(-c4ccsc4-c4ccc(-c5sccc5-c5ccc6c(ccn6-c6cnccn6)c5)nc4)ccc32)cn1,CC(C)(C)OC(=O)n1ccc2cc(-c3ccsc3-c3ccc(-c4sccc4-c4ccc5c(ccn5C(=O)OC(C)(C)C)c4)nc3)ccc21,c1cc2cc(-c3ccsc3-c3ccc(-c4sccc4-c4ccc5[nH]ccc5c4)nc3)ccc2[nH]1,Brc1nccnc1
611.0,CC(C)(C)OC(=O)n1ccc2cc(B3OC(C)(C)C(C)(C)O3)ccc21,CC(C)(C)OC(=O)n1ccc2cc(-c3ccsc3[B-]34OC(=O)C[N+]3(C)CC(=O)O4)ccc21,C[N+]12CC(=O)O[B-]1(c1sccc1Br)OC(=O)C2,Brc1cc(Br)c2ccccc2c1,c1ccc2c(-c3sccc3-c3ccc4c(ccn4-c4cnccn4)c3)cc(-c3sccc3-c3ccc4c(ccn4-c4cnccn4)c3)cc2c1,CC(C)(C)OC(=O)n1ccc2cc(-c3ccsc3-c3cc(-c4sccc4-c4ccc5c(ccn5C(=O)OC(C)(C)C)c4)c4ccccc4c3)ccc21,c1ccc2c(-c3sccc3-c3ccc4[nH]ccc4c3)cc(-c3sccc3-c3ccc4[nH]ccc4c3)cc2c1,Brc1nccnc1
612.0,CC(C)(C)OC(=O)n1ccc2cc(B3OC(C)(C)C(C)(C)O3)ccc21,CC(C)(C)OC(=O)n1ccc2cc(-c3ccsc3[B-]34OC(=O)C[N+]3(C)CC(=O)O4)ccc21,C[N+]12CC(=O)O[B-]1(c1sccc1Br)OC(=O)C2,Clc1cc(Br)sc1Br,Clc1cc(-c2sccc2-c2ccc3c(ccn3-c3cnccn3)c2)sc1-c1sccc1-c1ccc2c(ccn2-c2cnccn2)c1,CC(C)(C)OC(=O)n1ccc2cc(-c3ccsc3-c3cc(Cl)c(-c4sccc4-c4ccc5c(ccn5C(=O)OC(C)(C)C)c4)s3)ccc21,Clc1cc(-c2sccc2-c2ccc3[nH]ccc3c2)sc1-c1sccc1-c1ccc2[nH]ccc2c1,Brc1nccnc1
613.0,CC(C)(C)OC(=O)n1ccc2cc(B3OC(C)(C)C(C)(C)O3)ccc21,CC(C)(C)OC(=O)n1ccc2cc(-c3ccsc3[B-]34OC(=O)C[N+]3(C)CC(=O)O4)ccc21,C[N+]12CC(=O)O[B-]1(c1sccc1Br)OC(=O)C2,Cc1nc2c(Br)c3nsnc3c(Br)c2nc1C,Cc1nc2c(-c3sccc3-c3ccc4c(ccn4-c4cnccn4)c3)c3nsnc3c(-c3sccc3-c3ccc4c(ccn4-c4cnccn4)c3)c2nc1C,Cc1nc2c(-c3sccc3-c3ccc4c(ccn4C(=O)OC(C)(C)C)c3)c3nsnc3c(-c3sccc3-c3ccc4c(ccn4C(=O)OC(C)(C)C)c3)c2nc1C,Cc1nc2c(-c3sccc3-c3ccc4[nH]ccc4c3)c3nsnc3c(-c3sccc3-c3ccc4[nH]ccc4c3)c2nc1C,Brc1nccnc1
614.0,CC(C)(C)OC(=O)n1ccc2cc(B3OC(C)(C)C(C)(C)O3)ccc21,CC(C)(C)OC(=O)n1ccc2cc(-c3ccsc3[B-]34OC(=O)C[N+]3(C)CC(=O)O4)ccc21,C[N+]12CC(=O)O[B-]1(c1sccc1Br)OC(=O)C2,Brc1ccccc1Oc1ccccc1Br,c1ccc(-c2sccc2-c2ccc3c(ccn3-c3cnccn3)c2)c(Oc2ccccc2-c2sccc2-c2ccc3c(ccn3-c3cnccn3)c2)c1,CC(C)(C)OC(=O)n1ccc2cc(-c3ccsc3-c3ccccc3Oc3ccccc3-c3sccc3-c3ccc4c(ccn4C(=O)OC(C)(C)C)c3)ccc21,c1ccc(-c2sccc2-c2ccc3[nH]ccc3c2)c(Oc2ccccc2-c2sccc2-c2ccc3[nH]ccc3c2)c1,Brc1nccnc1
615.0,CC(C)(C)OC(=O)n1ccc2cc(B3OC(C)(C)C(C)(C)O3)ccc21,CC(C)(C)OC(=O)n1ccc2cc(-c3ccsc3[B-]34OC(=O)C[N+]3(C)CC(=O)O4)ccc21,C[N+]12CC(=O)O[B-]1(c1sccc1Br)OC(=O)C2,CC(C)(C)c1ccc2c(Br)c3ccccc3c(Br)c2c1,CC(C)(C)c1ccc2c(-c3sccc3-c3ccc4c(ccn4-c4cnccn4)c3)c3ccccc3c(-c3sccc3-c3ccc4c(ccn4-c4cnccn4)c3)c2c1,CC(C)(C)OC(=O)n1ccc2cc(-c3ccsc3-c3c4ccccc4c(-c4sccc4-c4ccc5c(ccn5C(=O)OC(C)(C)C)c4)c4cc(C(C)(C)C)ccc34)ccc21,CC(C)(C)c1ccc2c(-c3sccc3-c3ccc4[nH]ccc4c3)c3ccccc3c(-c3sccc3-c3ccc4[nH]ccc4c3)c2c1,Brc1nccnc1
616.0,CC(C)(C)OC(=O)n1ccc2cc(B3OC(C)(C)C(C)(C)O3)ccc21,CC(C)(C)OC(=O)n1ccc2cc(-c3ccsc3[B-]34OC(=O)C[N+]3(C)CC(=O)O4)ccc21,C[N+]12CC(=O)O[B-]1(c1sccc1Br)OC(=O)C2,Fc1cc(Br)c(F)cc1Br,Fc1cc(-c2sccc2-c2ccc3c(ccn3-c3cnccn3)c2)c(F)cc1-c1sccc1-c1ccc2c(ccn2-c2cnccn2)c1,CC(C)(C)OC(=O)n1ccc2cc(-c3ccsc3-c3cc(F)c(-c4sccc4-c4ccc5c(ccn5C(=O)OC(C)(C)C)c4)cc3F)ccc21,Fc1cc(-c2sccc2-c2ccc3[nH]ccc3c2)c(F)cc1-c1sccc1-c1ccc2[nH]ccc2c1,Brc1nccnc1
617.0,CC(C)(C)OC(=O)n1ccc2cc(B3OC(C)(C)C(C)(C)O3)ccc21,CC(C)(C)OC(=O)n1ccc2cc(-c3ccsc3[B-]34OC(=O)C[N+]3(C)CC(=O)O4)ccc21,C[N+]12CC(=O)O[B-]1(c1sccc1Br)OC(=O)C2,Brc1ccc2oc(Br)cc2c1,c1cnc(-n2ccc3cc(-c4ccsc4-c4ccc5oc(-c6sccc6-c6ccc7c(ccn7-c7cnccn7)c6)cc5c4)ccc32)cn1,CC(C)(C)OC(=O)n1ccc2cc(-c3ccsc3-c3ccc4oc(-c5sccc5-c5ccc6c(ccn6C(=O)OC(C)(C)C)c5)cc4c3)ccc21,c1cc2cc(-c3ccsc3-c3ccc4oc(-c5sccc5-c5ccc6[nH]ccc6c5)cc4c3)ccc2[nH]1,Brc1nccnc1
618.0,CC(C)(C)OC(=O)n1ccc2cc(B3OC(C)(C)C(C)(C)O3)ccc21,CC(C)(C)OC(=O)n1ccc2cc(-c3ccsc3[B-]34OC(=O)C[N+]3(C)CC(=O)O4)ccc21,C[N+]12CC(=O)O[B-]1(c1sccc1Br)OC(=O)C2,Brc1ccc(Br)o1,c1cnc(-n2ccc3cc(-c4ccsc4-c4ccc(-c5sccc5-c5ccc6c(ccn6-c6cnccn6)c5)o4)ccc32)cn1,CC(C)(C)OC(=O)n1ccc2cc(-c3ccsc3-c3ccc(-c4sccc4-c4ccc5c(ccn5C(=O)OC(C)(C)C)c4)o3)ccc21,c1cc2cc(-c3ccsc3-c3ccc(-c4sccc4-c4ccc5[nH]ccc5c4)o3)ccc2[nH]1,Brc1nccnc1
619.0,CC(C)(C)OC(=O)n1ccc2cc(B3OC(C)(C)C(C)(C)O3)ccc21,CC(C)(C)OC(=O)n1ccc2cc(-c3ccsc3[B-]34OC(=O)C[N+]3(C)CC(=O)O4)ccc21,C[N+]12CC(=O)O[B-]1(c1sccc1Br)OC(=O)C2,Brc1ccc2c(c1)C1(c3ccccc3-c3ccccc31)c1cc(Br)ccc1-2,c1ccc2c(c1)-c1ccccc1C21c2cc(-c3sccc3-c3ccc4c(ccn4-c4cnccn4)c3)ccc2-c2ccc(-c3sccc3-c3ccc4c(ccn4-c4cnccn4)c3)cc21,CC(C)(C)OC(=O)n1ccc2cc(-c3ccsc3-c3ccc4c(c3)C3(c5ccccc5-c5ccccc53)c3cc(-c5sccc5-c5ccc6c(ccn6C(=O)OC(C)(C)C)c5)ccc3-4)ccc21,c1ccc2c(c1)-c1ccccc1C21c2cc(-c3sccc3-c3ccc4[nH]ccc4c3)ccc2-c2ccc(-c3sccc3-c3ccc4[nH]ccc4c3)cc21,Brc1nccnc1
620.0,CC(C)(C)OC(=O)n1ccc2cc(B3OC(C)(C)C(C)(C)O3)ccc21,CC(C)(C)OC(=O)n1ccc2cc(-c3ccsc3[B-]34OC(=O)C[N+]3(C)CC(=O)O4)ccc21,C[N+]12CC(=O)O[B-]1(c1sccc1Br)OC(=O)C2,Clc1cc(Cl)c(Br)cc1Br,Clc1cc(Cl)c(-c2sccc2-c2ccc3c(ccn3-c3cnccn3)c2)cc1-c1sccc1-c1ccc2c(ccn2-c2cnccn2)c1,CC(C)(C)OC(=O)n1ccc2cc(-c3ccsc3-c3cc(-c4sccc4-c4ccc5c(ccn5C(=O)OC(C)(C)C)c4)c(Cl)cc3Cl)ccc21,Clc1cc(Cl)c(-c2sccc2-c2ccc3[nH]ccc3c2)cc1-c1sccc1-c1ccc2[nH]ccc2c1,Brc1nccnc1
621.0,CC(C)(C)OC(=O)n1ccc2cc(B3OC(C)(C)C(C)(C)O3)ccc21,CC(C)(C)OC(=O)n1ccc2cc(-c3ccsc3[B-]34OC(=O)C[N+]3(C)CC(=O)O4)ccc21,C[N+]12CC(=O)O[B-]1(c1sccc1Br)OC(=O)C2,Brc1cnc2nc(Br)ccc2c1,c1cnc(-n2ccc3cc(-c4ccsc4-c4cnc5nc(-c6sccc6-c6ccc7c(ccn7-c7cnccn7)c6)ccc5c4)ccc32)cn1,CC(C)(C)OC(=O)n1ccc2cc(-c3ccsc3-c3cnc4nc(-c5sccc5-c5ccc6c(ccn6C(=O)OC(C)(C)C)c5)ccc4c3)ccc21,c1cc2cc(-c3ccsc3-c3cnc4nc(-c5sccc5-c5ccc6[nH]ccc6c5)ccc4c3)ccc2[nH]1,Brc1nccnc1
622.0,CC(C)(C)OC(=O)n1ccc2cc(B3OC(C)(C)C(C)(C)O3)ccc21,CC(C)(C)OC(=O)n1ccc2cc(-c3ccsc3[B-]34OC(=O)C[N+]3(C)CC(=O)O4)ccc21,C[N+]12CC(=O)O[B-]1(c1sccc1Br)OC(=O)C2,Brc1cccc2cccc(Br)c12,c1cc(-c2sccc2-c2ccc3c(ccn3-c3cnccn3)c2)c2c(-c3sccc3-c3ccc4c(ccn4-c4cnccn4)c3)cccc2c1,CC(C)(C)OC(=O)n1ccc2cc(-c3ccsc3-c3cccc4cccc(-c5sccc5-c5ccc6c(ccn6C(=O)OC(C)(C)C)c5)c34)ccc21,c1cc(-c2sccc2-c2ccc3[nH]ccc3c2)c2c(-c3sccc3-c3ccc4[nH]ccc4c3)cccc2c1,Brc1nccnc1
623.0,CC(C)(C)OC(=O)n1ccc2cc(B3OC(C)(C)C(C)(C)O3)ccc21,CC(C)(C)OC(=O)n1ccc2cc(-c3ccsc3[B-]34OC(=O)C[N+]3(C)CC(=O)O4)ccc21,C[N+]12CC(=O)O[B-]1(c1sccc1Br)OC(=O)C2,CCCCC(CC)CC1(CC(CC)CCCC)c2cc(I)ccc2-c2ccc(I)cc21,CCCCC(CC)CC1(CC(CC)CCCC)c2cc(-c3sccc3-c3ccc4c(ccn4-c4cnccn4)c3)ccc2-c2ccc(-c3sccc3-c3ccc4c(ccn4-c4cnccn4)c3)cc21,CCCCC(CC)CC1(CC(CC)CCCC)c2cc(-c3sccc3-c3ccc4c(ccn4C(=O)OC(C)(C)C)c3)ccc2-c2ccc(-c3sccc3-c3ccc4c(ccn4C(=O)OC(C)(C)C)c3)cc21,CCCCC(CC)CC1(CC(CC)CCCC)c2cc(-c3sccc3-c3ccc4[nH]ccc4c3)ccc2-c2ccc(-c3sccc3-c3ccc4[nH]ccc4c3)cc21,Brc1nccnc1
624.0,CC(C)(C)OC(=O)n1ccc2cc(B3OC(C)(C)C(C)(C)O3)ccc21,CC(C)(C)OC(=O)n1ccc2cc(-c3ccsc3[B-]34OC(=O)C[N+]3(C)CC(=O)O4)ccc21,C[N+]12CC(=O)O[B-]1(c1sccc1Br)OC(=O)C2,Fc1c(F)c(Br)c2nsnc2c1Br,Fc1c(F)c(-c2sccc2-c2ccc3c(ccn3-c3cnccn3)c2)c2nsnc2c1-c1sccc1-c1ccc2c(ccn2-c2cnccn2)c1,CC(C)(C)OC(=O)n1ccc2cc(-c3ccsc3-c3c(F)c(F)c(-c4sccc4-c4ccc5c(ccn5C(=O)OC(C)(C)C)c4)c4nsnc34)ccc21,Fc1c(F)c(-c2sccc2-c2ccc3[nH]ccc3c2)c2nsnc2c1-c1sccc1-c1ccc2[nH]ccc2c1,Brc1nccnc1
625.0,CC(C)(C)OC(=O)n1ccc2cc(B3OC(C)(C)C(C)(C)O3)ccc21,CC(C)(C)OC(=O)n1ccc2cc(-c3ccsc3[B-]34OC(=O)C[N+]3(C)CC(=O)O4)ccc21,C[N+]12CC(=O)O[B-]1(c1sccc1Br)OC(=O)C2,C[Si](C)(c1ccc(Br)cc1)c1ccc(Br)cc1,C[Si](C)(c1ccc(-c2sccc2-c2ccc3c(ccn3-c3cnccn3)c2)cc1)c1ccc(-c2sccc2-c2ccc3c(ccn3-c3cnccn3)c2)cc1,CC(C)(C)OC(=O)n1ccc2cc(-c3ccsc3-c3ccc([Si](C)(C)c4ccc(-c5sccc5-c5ccc6c(ccn6C(=O)OC(C)(C)C)c5)cc4)cc3)ccc21,C[Si](C)(c1ccc(-c2sccc2-c2ccc3[nH]ccc3c2)cc1)c1ccc(-c2sccc2-c2ccc3[nH]ccc3c2)cc1,Brc1nccnc1
626.0,CC(C)(C)OC(=O)n1ccc2cc(B3OC(C)(C)C(C)(C)O3)ccc21,CC(C)(C)OC(=O)n1ccc2cc(-c3ccsc3[B-]34OC(=O)C[N+]3(C)CC(=O)O4)ccc21,C[N+]12CC(=O)O[B-]1(c1sccc1Br)OC(=O)C2,Brc1ccc2nc3ccc(Br)cc3nc2c1,c1cnc(-n2ccc3cc(-c4ccsc4-c4ccc5nc6ccc(-c7sccc7-c7ccc8c(ccn8-c8cnccn8)c7)cc6nc5c4)ccc32)cn1,CC(C)(C)OC(=O)n1ccc2cc(-c3ccsc3-c3ccc4nc5ccc(-c6sccc6-c6ccc7c(ccn7C(=O)OC(C)(C)C)c6)cc5nc4c3)ccc21,c1cc2cc(-c3ccsc3-c3ccc4nc5ccc(-c6sccc6-c6ccc7[nH]ccc7c6)cc5nc4c3)ccc2[nH]1,Brc1nccnc1
627.0,CC(C)(C)OC(=O)n1ccc2cc(B3OC(C)(C)C(C)(C)O3)ccc21,CC(C)(C)OC(=O)n1ccc2cc(-c3cc([B-]45OC(=O)C[N+]4(C)CC(=O)O5)cc(C(F)(F)F)c3)ccc21,C[N+]12CC(=O)O[B-]1(c1cc(I)cc(C(F)(F)F)c1)OC(=O)C2,C[Si](C)(c1ccccc1Br)c1ccccc1Br,C[Si](C)(c1ccccc1-c1cc(-c2ccc3c(ccn3-c3cnccn3)c2)cc(C(F)(F)F)c1)c1ccccc1-c1cc(-c2ccc3c(ccn3-c3cnccn3)c2)cc(C(F)(F)F)c1,CC(C)(C)OC(=O)n1ccc2cc(-c3cc(-c4ccccc4[Si](C)(C)c4ccccc4-c4cc(-c5ccc6c(ccn6C(=O)OC(C)(C)C)c5)cc(C(F)(F)F)c4)cc(C(F)(F)F)c3)ccc21,C[Si](C)(c1ccccc1-c1cc(-c2ccc3[nH]ccc3c2)cc(C(F)(F)F)c1)c1ccccc1-c1cc(-c2ccc3[nH]ccc3c2)cc(C(F)(F)F)c1,Brc1nccnc1
628.0,CC(C)(C)OC(=O)n1ccc2cc(B3OC(C)(C)C(C)(C)O3)ccc21,CC(C)(C)OC(=O)n1ccc2cc(-c3cc([B-]45OC(=O)C[N+]4(C)CC(=O)O5)cc(C(F)(F)F)c3)ccc21,C[N+]12CC(=O)O[B-]1(c1cc(I)cc(C(F)(F)F)c1)OC(=O)C2,Brc1ccc(Br)nc1,FC(F)(F)c1cc(-c2ccc(-c3cc(-c4ccc5c(ccn5-c5cnccn5)c4)cc(C(F)(F)F)c3)nc2)cc(-c2ccc3c(ccn3-c3cnccn3)c2)c1,CC(C)(C)OC(=O)n1ccc2cc(-c3cc(-c4ccc(-c5cc(-c6ccc7c(ccn7C(=O)OC(C)(C)C)c6)cc(C(F)(F)F)c5)nc4)cc(C(F)(F)F)c3)ccc21,FC(F)(F)c1cc(-c2ccc(-c3cc(-c4ccc5[nH]ccc5c4)cc(C(F)(F)F)c3)nc2)cc(-c2ccc3[nH]ccc3c2)c1,Brc1nccnc1
630.0,CC(C)(C)OC(=O)n1ccc2cc(B3OC(C)(C)C(C)(C)O3)ccc21,CC(C)(C)OC(=O)n1ccc2cc(-c3cc([B-]45OC(=O)C[N+]4(C)CC(=O)O5)cc(C(F)(F)F)c3)ccc21,C[N+]12CC(=O)O[B-]1(c1cc(I)cc(C(F)(F)F)c1)OC(=O)C2,Brc1cc(Br)c2ccccc2c1,FC(F)(F)c1cc(-c2cc(-c3cc(-c4ccc5c(ccn5-c5cnccn5)c4)cc(C(F)(F)F)c3)c3ccccc3c2)cc(-c2ccc3c(ccn3-c3cnccn3)c2)c1,CC(C)(C)OC(=O)n1ccc2cc(-c3cc(-c4cc(-c5cc(-c6ccc7c(ccn7C(=O)OC(C)(C)C)c6)cc(C(F)(F)F)c5)c5ccccc5c4)cc(C(F)(F)F)c3)ccc21,FC(F)(F)c1cc(-c2ccc3[nH]ccc3c2)cc(-c2cc(-c3cc(-c4ccc5[nH]ccc5c4)cc(C(F)(F)F)c3)c3ccccc3c2)c1,Brc1nccnc1
631.0,CC(C)(C)OC(=O)n1ccc2cc(B3OC(C)(C)C(C)(C)O3)ccc21,CC(C)(C)OC(=O)n1ccc2cc(-c3cc([B-]45OC(=O)C[N+]4(C)CC(=O)O5)cc(C(F)(F)F)c3)ccc21,C[N+]12CC(=O)O[B-]1(c1cc(I)cc(C(F)(F)F)c1)OC(=O)C2,Clc1cc(Br)sc1Br,FC(F)(F)c1cc(-c2ccc3c(ccn3-c3cnccn3)c2)cc(-c2cc(Cl)c(-c3cc(-c4ccc5c(ccn5-c5cnccn5)c4)cc(C(F)(F)F)c3)s2)c1,CC(C)(C)OC(=O)n1ccc2cc(-c3cc(-c4cc(Cl)c(-c5cc(-c6ccc7c(ccn7C(=O)OC(C)(C)C)c6)cc(C(F)(F)F)c5)s4)cc(C(F)(F)F)c3)ccc21,FC(F)(F)c1cc(-c2ccc3[nH]ccc3c2)cc(-c2cc(Cl)c(-c3cc(-c4ccc5[nH]ccc5c4)cc(C(F)(F)F)c3)s2)c1,Brc1nccnc1
632.0,CC(C)(C)OC(=O)n1ccc2cc(B3OC(C)(C)C(C)(C)O3)ccc21,CC(C)(C)OC(=O)n1ccc2cc(-c3cc([B-]45OC(=O)C[N+]4(C)CC(=O)O5)cc(C(F)(F)F)c3)ccc21,C[N+]12CC(=O)O[B-]1(c1cc(I)cc(C(F)(F)F)c1)OC(=O)C2,Cc1nc2c(Br)c3nsnc3c(Br)c2nc1C,Cc1nc2c(-c3cc(-c4ccc5c(ccn5-c5cnccn5)c4)cc(C(F)(F)F)c3)c3nsnc3c(-c3cc(-c4ccc5c(ccn5-c5cnccn5)c4)cc(C(F)(F)F)c3)c2nc1C,Cc1nc2c(-c3cc(-c4ccc5c(ccn5C(=O)OC(C)(C)C)c4)cc(C(F)(F)F)c3)c3nsnc3c(-c3cc(-c4ccc5c(ccn5C(=O)OC(C)(C)C)c4)cc(C(F)(F)F)c3)c2nc1C,Cc1nc2c(-c3cc(-c4ccc5[nH]ccc5c4)cc(C(F)(F)F)c3)c3nsnc3c(-c3cc(-c4ccc5[nH]ccc5c4)cc(C(F)(F)F)c3)c2nc1C,Brc1nccnc1
633.0,CC(C)(C)OC(=O)n1ccc2cc(B3OC(C)(C)C(C)(C)O3)ccc21,CC(C)(C)OC(=O)n1ccc2cc(-c3cc([B-]45OC(=O)C[N+]4(C)CC(=O)O5)cc(C(F)(F)F)c3)ccc21,C[N+]12CC(=O)O[B-]1(c1cc(I)cc(C(F)(F)F)c1)OC(=O)C2,Brc1ccccc1Oc1ccccc1Br,FC(F)(F)c1cc(-c2ccc3c(ccn3-c3cnccn3)c2)cc(-c2ccccc2Oc2ccccc2-c2cc(-c3ccc4c(ccn4-c4cnccn4)c3)cc(C(F)(F)F)c2)c1,CC(C)(C)OC(=O)n1ccc2cc(-c3cc(-c4ccccc4Oc4ccccc4-c4cc(-c5ccc6c(ccn6C(=O)OC(C)(C)C)c5)cc(C(F)(F)F)c4)cc(C(F)(F)F)c3)ccc21,FC(F)(F)c1cc(-c2ccc3[nH]ccc3c2)cc(-c2ccccc2Oc2ccccc2-c2cc(-c3ccc4[nH]ccc4c3)cc(C(F)(F)F)c2)c1,Brc1nccnc1
634.0,CC(C)(C)OC(=O)n1ccc2cc(B3OC(C)(C)C(C)(C)O3)ccc21,CC(C)(C)OC(=O)n1ccc2cc(-c3cc([B-]45OC(=O)C[N+]4(C)CC(=O)O5)cc(C(F)(F)F)c3)ccc21,C[N+]12CC(=O)O[B-]1(c1cc(I)cc(C(F)(F)F)c1)OC(=O)C2,CC(C)(C)c1ccc2c(Br)c3ccccc3c(Br)c2c1,CC(C)(C)c1ccc2c(-c3cc(-c4ccc5c(ccn5-c5cnccn5)c4)cc(C(F)(F)F)c3)c3ccccc3c(-c3cc(-c4ccc5c(ccn5-c5cnccn5)c4)cc(C(F)(F)F)c3)c2c1,CC(C)(C)OC(=O)n1ccc2cc(-c3cc(-c4c5ccccc5c(-c5cc(-c6ccc7c(ccn7C(=O)OC(C)(C)C)c6)cc(C(F)(F)F)c5)c5cc(C(C)(C)C)ccc45)cc(C(F)(F)F)c3)ccc21,CC(C)(C)c1ccc2c(-c3cc(-c4ccc5[nH]ccc5c4)cc(C(F)(F)F)c3)c3ccccc3c(-c3cc(-c4ccc5[nH]ccc5c4)cc(C(F)(F)F)c3)c2c1,Brc1nccnc1
635.0,CC(C)(C)OC(=O)n1ccc2cc(B3OC(C)(C)C(C)(C)O3)ccc21,CC(C)(C)OC(=O)n1ccc2cc(-c3cc([B-]45OC(=O)C[N+]4(C)CC(=O)O5)cc(C(F)(F)F)c3)ccc21,C[N+]12CC(=O)O[B-]1(c1cc(I)cc(C(F)(F)F)c1)OC(=O)C2,Fc1cc(Br)c(F)cc1Br,Fc1cc(-c2cc(-c3ccc4c(ccn4-c4cnccn4)c3)cc(C(F)(F)F)c2)c(F)cc1-c1cc(-c2ccc3c(ccn3-c3cnccn3)c2)cc(C(F)(F)F)c1,CC(C)(C)OC(=O)n1ccc2cc(-c3cc(-c4cc(F)c(-c5cc(-c6ccc7c(ccn7C(=O)OC(C)(C)C)c6)cc(C(F)(F)F)c5)cc4F)cc(C(F)(F)F)c3)ccc21,Fc1cc(-c2cc(-c3ccc4[nH]ccc4c3)cc(C(F)(F)F)c2)c(F)cc1-c1cc(-c2ccc3[nH]ccc3c2)cc(C(F)(F)F)c1,Brc1nccnc1
636.0,CC(C)(C)OC(=O)n1ccc2cc(B3OC(C)(C)C(C)(C)O3)ccc21,CC(C)(C)OC(=O)n1ccc2cc(-c3cc([B-]45OC(=O)C[N+]4(C)CC(=O)O5)cc(C(F)(F)F)c3)ccc21,C[N+]12CC(=O)O[B-]1(c1cc(I)cc(C(F)(F)F)c1)OC(=O)C2,Brc1ccc2oc(Br)cc2c1,FC(F)(F)c1cc(-c2ccc3oc(-c4cc(-c5ccc6c(ccn6-c6cnccn6)c5)cc(C(F)(F)F)c4)cc3c2)cc(-c2ccc3c(ccn3-c3cnccn3)c2)c1,CC(C)(C)OC(=O)n1ccc2cc(-c3cc(-c4ccc5oc(-c6cc(-c7ccc8c(ccn8C(=O)OC(C)(C)C)c7)cc(C(F)(F)F)c6)cc5c4)cc(C(F)(F)F)c3)ccc21,FC(F)(F)c1cc(-c2ccc3[nH]ccc3c2)cc(-c2ccc3oc(-c4cc(-c5ccc6[nH]ccc6c5)cc(C(F)(F)F)c4)cc3c2)c1,Brc1nccnc1
637.0,CC(C)(C)OC(=O)n1ccc2cc(B3OC(C)(C)C(C)(C)O3)ccc21,CC(C)(C)OC(=O)n1ccc2cc(-c3cc([B-]45OC(=O)C[N+]4(C)CC(=O)O5)cc(C(F)(F)F)c3)ccc21,C[N+]12CC(=O)O[B-]1(c1cc(I)cc(C(F)(F)F)c1)OC(=O)C2,Brc1ccc(Br)o1,FC(F)(F)c1cc(-c2ccc3c(ccn3-c3cnccn3)c2)cc(-c2ccc(-c3cc(-c4ccc5c(ccn5-c5cnccn5)c4)cc(C(F)(F)F)c3)o2)c1,CC(C)(C)OC(=O)n1ccc2cc(-c3cc(-c4ccc(-c5cc(-c6ccc7c(ccn7C(=O)OC(C)(C)C)c6)cc(C(F)(F)F)c5)o4)cc(C(F)(F)F)c3)ccc21,FC(F)(F)c1cc(-c2ccc3[nH]ccc3c2)cc(-c2ccc(-c3cc(-c4ccc5[nH]ccc5c4)cc(C(F)(F)F)c3)o2)c1,Brc1nccnc1
638.0,CC(C)(C)OC(=O)n1ccc2cc(B3OC(C)(C)C(C)(C)O3)ccc21,CC(C)(C)OC(=O)n1ccc2cc(-c3cc([B-]45OC(=O)C[N+]4(C)CC(=O)O5)cc(C(F)(F)F)c3)ccc21,C[N+]12CC(=O)O[B-]1(c1cc(I)cc(C(F)(F)F)c1)OC(=O)C2,Brc1ccc2c(c1)C1(c3ccccc3-c3ccccc31)c1cc(Br)ccc1-2,FC(F)(F)c1cc(-c2ccc3c(c2)C2(c4ccccc4-c4ccccc42)c2cc(-c4cc(-c5ccc6c(ccn6-c6cnccn6)c5)cc(C(F)(F)F)c4)ccc2-3)cc(-c2ccc3c(ccn3-c3cnccn3)c2)c1,CC(C)(C)OC(=O)n1ccc2cc(-c3cc(-c4ccc5c(c4)C4(c6ccccc6-c6ccccc64)c4cc(-c6cc(-c7ccc8c(ccn8C(=O)OC(C)(C)C)c7)cc(C(F)(F)F)c6)ccc4-5)cc(C(F)(F)F)c3)ccc21,FC(F)(F)c1cc(-c2ccc3c(c2)C2(c4ccccc4-c4ccccc42)c2cc(-c4cc(-c5ccc6[nH]ccc6c5)cc(C(F)(F)F)c4)ccc2-3)cc(-c2ccc3[nH]ccc3c2)c1,Brc1nccnc1
639.0,CC(C)(C)OC(=O)n1ccc2cc(B3OC(C)(C)C(C)(C)O3)ccc21,CC(C)(C)OC(=O)n1ccc2cc(-c3cc([B-]45OC(=O)C[N+]4(C)CC(=O)O5)cc(C(F)(F)F)c3)ccc21,C[N+]12CC(=O)O[B-]1(c1cc(I)cc(C(F)(F)F)c1)OC(=O)C2,Clc1cc(Cl)c(Br)cc1Br,FC(F)(F)c1cc(-c2ccc3c(ccn3-c3cnccn3)c2)cc(-c2cc(-c3cc(-c4ccc5c(ccn5-c5cnccn5)c4)cc(C(F)(F)F)c3)c(Cl)cc2Cl)c1,CC(C)(C)OC(=O)n1ccc2cc(-c3cc(-c4cc(-c5cc(-c6ccc7c(ccn7C(=O)OC(C)(C)C)c6)cc(C(F)(F)F)c5)c(Cl)cc4Cl)cc(C(F)(F)F)c3)ccc21,FC(F)(F)c1cc(-c2ccc3[nH]ccc3c2)cc(-c2cc(-c3cc(-c4ccc5[nH]ccc5c4)cc(C(F)(F)F)c3)c(Cl)cc2Cl)c1,Brc1nccnc1
640.0,CC(C)(C)OC(=O)n1ccc2cc(B3OC(C)(C)C(C)(C)O3)ccc21,CC(C)(C)OC(=O)n1ccc2cc(-c3cc([B-]45OC(=O)C[N+]4(C)CC(=O)O5)cc(C(F)(F)F)c3)ccc21,C[N+]12CC(=O)O[B-]1(c1cc(I)cc(C(F)(F)F)c1)OC(=O)C2,Brc1cnc2nc(Br)ccc2c1,FC(F)(F)c1cc(-c2cnc3nc(-c4cc(-c5ccc6c(ccn6-c6cnccn6)c5)cc(C(F)(F)F)c4)ccc3c2)cc(-c2ccc3c(ccn3-c3cnccn3)c2)c1,CC(C)(C)OC(=O)n1ccc2cc(-c3cc(-c4cnc5nc(-c6cc(-c7ccc8c(ccn8C(=O)OC(C)(C)C)c7)cc(C(F)(F)F)c6)ccc5c4)cc(C(F)(F)F)c3)ccc21,FC(F)(F)c1cc(-c2cnc3nc(-c4cc(-c5ccc6[nH]ccc6c5)cc(C(F)(F)F)c4)ccc3c2)cc(-c2ccc3[nH]ccc3c2)c1,Brc1nccnc1
641.0,CC(C)(C)OC(=O)n1ccc2cc(B3OC(C)(C)C(C)(C)O3)ccc21,CC(C)(C)OC(=O)n1ccc2cc(-c3cc([B-]45OC(=O)C[N+]4(C)CC(=O)O5)cc(C(F)(F)F)c3)ccc21,C[N+]12CC(=O)O[B-]1(c1cc(I)cc(C(F)(F)F)c1)OC(=O)C2,Brc1cccc2cccc(Br)c12,FC(F)(F)c1cc(-c2ccc3c(ccn3-c3cnccn3)c2)cc(-c2cccc3cccc(-c4cc(-c5ccc6c(ccn6-c6cnccn6)c5)cc(C(F)(F)F)c4)c23)c1,CC(C)(C)OC(=O)n1ccc2cc(-c3cc(-c4cccc5cccc(-c6cc(-c7ccc8c(ccn8C(=O)OC(C)(C)C)c7)cc(C(F)(F)F)c6)c45)cc(C(F)(F)F)c3)ccc21,FC(F)(F)c1cc(-c2ccc3[nH]ccc3c2)cc(-c2cccc3cccc(-c4cc(-c5ccc6[nH]ccc6c5)cc(C(F)(F)F)c4)c23)c1,Brc1nccnc1
642.0,CC(C)(C)OC(=O)n1ccc2cc(B3OC(C)(C)C(C)(C)O3)ccc21,CC(C)(C)OC(=O)n1ccc2cc(-c3cc([B-]45OC(=O)C[N+]4(C)CC(=O)O5)cc(C(F)(F)F)c3)ccc21,C[N+]12CC(=O)O[B-]1(c1cc(I)cc(C(F)(F)F)c1)OC(=O)C2,CCCCC(CC)CC1(CC(CC)CCCC)c2cc(I)ccc2-c2ccc(I)cc21,CCCCC(CC)CC1(CC(CC)CCCC)c2cc(-c3cc(-c4ccc5c(ccn5-c5cnccn5)c4)cc(C(F)(F)F)c3)ccc2-c2ccc(-c3cc(-c4ccc5c(ccn5-c5cnccn5)c4)cc(C(F)(F)F)c3)cc21,CCCCC(CC)CC1(CC(CC)CCCC)c2cc(-c3cc(-c4ccc5c(ccn5C(=O)OC(C)(C)C)c4)cc(C(F)(F)F)c3)ccc2-c2ccc(-c3cc(-c4ccc5c(ccn5C(=O)OC(C)(C)C)c4)cc(C(F)(F)F)c3)cc21,CCCCC(CC)CC1(CC(CC)CCCC)c2cc(-c3cc(-c4ccc5[nH]ccc5c4)cc(C(F)(F)F)c3)ccc2-c2ccc(-c3cc(-c4ccc5[nH]ccc5c4)cc(C(F)(F)F)c3)cc21,Brc1nccnc1
643.0,CC(C)(C)OC(=O)n1ccc2cc(B3OC(C)(C)C(C)(C)O3)ccc21,CC(C)(C)OC(=O)n1ccc2cc(-c3cc([B-]45OC(=O)C[N+]4(C)CC(=O)O5)cc(C(F)(F)F)c3)ccc21,C[N+]12CC(=O)O[B-]1(c1cc(I)cc(C(F)(F)F)c1)OC(=O)C2,Fc1c(F)c(Br)c2nsnc2c1Br,Fc1c(F)c(-c2cc(-c3ccc4c(ccn4-c4cnccn4)c3)cc(C(F)(F)F)c2)c2nsnc2c1-c1cc(-c2ccc3c(ccn3-c3cnccn3)c2)cc(C(F)(F)F)c1,CC(C)(C)OC(=O)n1ccc2cc(-c3cc(-c4c(F)c(F)c(-c5cc(-c6ccc7c(ccn7C(=O)OC(C)(C)C)c6)cc(C(F)(F)F)c5)c5nsnc45)cc(C(F)(F)F)c3)ccc21,Fc1c(F)c(-c2cc(-c3ccc4[nH]ccc4c3)cc(C(F)(F)F)c2)c2nsnc2c1-c1cc(-c2ccc3[nH]ccc3c2)cc(C(F)(F)F)c1,Brc1nccnc1
644.0,CC(C)(C)OC(=O)n1ccc2cc(B3OC(C)(C)C(C)(C)O3)ccc21,CC(C)(C)OC(=O)n1ccc2cc(-c3cc([B-]45OC(=O)C[N+]4(C)CC(=O)O5)cc(C(F)(F)F)c3)ccc21,C[N+]12CC(=O)O[B-]1(c1cc(I)cc(C(F)(F)F)c1)OC(=O)C2,C[Si](C)(c1ccc(Br)cc1)c1ccc(Br)cc1,C[Si](C)(c1ccc(-c2cc(-c3ccc4c(ccn4-c4cnccn4)c3)cc(C(F)(F)F)c2)cc1)c1ccc(-c2cc(-c3ccc4c(ccn4-c4cnccn4)c3)cc(C(F)(F)F)c2)cc1,CC(C)(C)OC(=O)n1ccc2cc(-c3cc(-c4ccc([Si](C)(C)c5ccc(-c6cc(-c7ccc8c(ccn8C(=O)OC(C)(C)C)c7)cc(C(F)(F)F)c6)cc5)cc4)cc(C(F)(F)F)c3)ccc21,C[Si](C)(c1ccc(-c2cc(-c3ccc4[nH]ccc4c3)cc(C(F)(F)F)c2)cc1)c1ccc(-c2cc(-c3ccc4[nH]ccc4c3)cc(C(F)(F)F)c2)cc1,Brc1nccnc1
645.0,CC(C)(C)OC(=O)n1ccc2cc(B3OC(C)(C)C(C)(C)O3)ccc21,CC(C)(C)OC(=O)n1ccc2cc(-c3cc([B-]45OC(=O)C[N+]4(C)CC(=O)O5)cc(C(F)(F)F)c3)ccc21,C[N+]12CC(=O)O[B-]1(c1cc(I)cc(C(F)(F)F)c1)OC(=O)C2,Brc1ccc2nc3ccc(Br)cc3nc2c1,FC(F)(F)c1cc(-c2ccc3c(ccn3-c3cnccn3)c2)cc(-c2ccc3nc4ccc(-c5cc(-c6ccc7c(ccn7-c7cnccn7)c6)cc(C(F)(F)F)c5)cc4nc3c2)c1,CC(C)(C)OC(=O)n1ccc2cc(-c3cc(-c4ccc5nc6ccc(-c7cc(-c8ccc9c(ccn9C(=O)OC(C)(C)C)c8)cc(C(F)(F)F)c7)cc6nc5c4)cc(C(F)(F)F)c3)ccc21,FC(F)(F)c1cc(-c2ccc3[nH]ccc3c2)cc(-c2ccc3nc4ccc(-c5cc(-c6ccc7[nH]ccc7c6)cc(C(F)(F)F)c5)cc4nc3c2)c1,Brc1nccnc1
